,N,d,algo,mem
0,100,2,nmoo,121.29296875
1,100,2,pymoo,121.5625
2,100,2,nmoo,121.71484375
3,100,2,pymoo,121.71484375
4,100,2,nmoo,121.72265625
5,100,2,pymoo,121.72265625
6,100,2,nmoo,121.72265625
7,100,2,pymoo,121.72265625
8,100,2,nmoo,121.72265625
9,100,2,pymoo,121.72265625
10,100,2,nmoo,121.72265625
11,100,2,pymoo,121.72265625
12,100,2,nmoo,121.72265625
13,100,2,pymoo,121.72265625
14,100,2,nmoo,121.7265625
15,100,2,pymoo,121.7265625
16,100,2,nmoo,121.7265625
17,100,2,pymoo,121.7265625
18,100,2,nmoo,121.7265625
19,100,2,pymoo,121.7265625
20,100,3,nmoo,121.7265625
21,100,3,pymoo,121.7265625
22,100,3,nmoo,121.7265625
23,100,3,pymoo,121.7265625
24,100,3,nmoo,121.7265625
25,100,3,pymoo,121.7265625
26,100,3,nmoo,121.7265625
27,100,3,pymoo,121.7265625
28,100,3,nmoo,121.7265625
29,100,3,pymoo,121.7265625
30,100,3,nmoo,121.7265625
31,100,3,pymoo,121.7265625
32,100,3,nmoo,121.7265625
33,100,3,pymoo,121.7265625
34,100,3,nmoo,121.73046875
35,100,3,pymoo,121.73046875
36,100,3,nmoo,121.73046875
37,100,3,pymoo,121.73046875
38,100,3,nmoo,121.73046875
39,100,3,pymoo,121.73046875
40,100,4,nmoo,121.73046875
41,100,4,pymoo,121.73046875
42,100,4,nmoo,121.73046875
43,100,4,pymoo,121.73046875
44,100,4,nmoo,121.73046875
45,100,4,pymoo,121.73046875
46,100,4,nmoo,121.73046875
47,100,4,pymoo,121.73046875
48,100,4,nmoo,121.73046875
49,100,4,pymoo,121.73046875
50,100,4,nmoo,121.73046875
51,100,4,pymoo,121.734375
52,100,4,nmoo,121.734375
53,100,4,pymoo,121.734375
54,100,4,nmoo,121.734375
55,100,4,pymoo,121.734375
56,100,4,nmoo,121.734375
57,100,4,pymoo,121.734375
58,100,4,nmoo,121.734375
59,100,4,pymoo,121.734375
60,100,5,nmoo,121.734375
61,100,5,pymoo,121.734375
62,100,5,nmoo,121.734375
63,100,5,pymoo,121.734375
64,100,5,nmoo,121.734375
65,100,5,pymoo,121.734375
66,100,5,nmoo,121.734375
67,100,5,pymoo,121.734375
68,100,5,nmoo,121.734375
69,100,5,pymoo,121.73828125
70,100,5,nmoo,121.73828125
71,100,5,pymoo,121.73828125
72,100,5,nmoo,121.73828125
73,100,5,pymoo,121.73828125
74,100,5,nmoo,121.73828125
75,100,5,pymoo,121.73828125
76,100,5,nmoo,121.73828125
77,100,5,pymoo,121.73828125
78,100,5,nmoo,121.73828125
79,100,5,pymoo,121.73828125
80,100,6,nmoo,121.73828125
81,100,6,pymoo,121.73828125
82,100,6,nmoo,121.7421875
83,100,6,pymoo,121.7421875
84,100,6,nmoo,121.7421875
85,100,6,pymoo,121.74609375
86,100,6,nmoo,121.74609375
87,100,6,pymoo,121.74609375
88,100,6,nmoo,121.74609375
89,100,6,pymoo,121.75
90,100,6,nmoo,121.75
91,100,6,pymoo,121.75
92,100,6,nmoo,121.75
93,100,6,pymoo,121.75
94,100,6,nmoo,121.75
95,100,6,pymoo,121.75
96,100,6,nmoo,121.75
97,100,6,pymoo,121.75
98,100,6,nmoo,121.75
99,100,6,pymoo,121.75
100,100,7,nmoo,121.75
101,100,7,pymoo,121.75390625
102,100,7,nmoo,121.75390625
103,100,7,pymoo,121.75390625
104,100,7,nmoo,121.75390625
105,100,7,pymoo,121.7578125
106,100,7,nmoo,121.7578125
107,100,7,pymoo,121.7578125
108,100,7,nmoo,121.7578125
109,100,7,pymoo,121.7578125
110,100,7,nmoo,121.7578125
111,100,7,pymoo,121.7578125
112,100,7,nmoo,121.7578125
113,100,7,pymoo,121.7578125
114,100,7,nmoo,121.7578125
115,100,7,pymoo,121.7578125
116,100,7,nmoo,121.7578125
117,100,7,pymoo,121.7578125
118,100,7,nmoo,121.7578125
119,100,7,pymoo,121.76171875
120,500,2,nmoo,122.40234375
121,500,2,pymoo,123.69140625
122,500,2,nmoo,124.08203125
123,500,2,pymoo,124.1171875
124,500,2,nmoo,124.1015625
125,500,2,pymoo,124.1015625
126,500,2,nmoo,124.3515625
127,500,2,pymoo,124.36328125
128,500,2,nmoo,124.484375
129,500,2,pymoo,124.484375
130,500,2,nmoo,124.484375
131,500,2,pymoo,124.484375
132,500,2,nmoo,124.484375
133,500,2,pymoo,124.484375
134,500,2,nmoo,124.484375
135,500,2,pymoo,124.484375
136,500,2,nmoo,124.484375
137,500,2,pymoo,124.484375
138,500,2,nmoo,124.484375
139,500,2,pymoo,124.484375
140,500,3,nmoo,124.484375
141,500,3,pymoo,124.484375
142,500,3,nmoo,124.484375
143,500,3,pymoo,124.484375
144,500,3,nmoo,124.484375
145,500,3,pymoo,124.484375
146,500,3,nmoo,124.484375
147,500,3,pymoo,124.484375
148,500,3,nmoo,124.484375
149,500,3,pymoo,124.484375
150,500,3,nmoo,124.484375
151,500,3,pymoo,124.484375
152,500,3,nmoo,124.484375
153,500,3,pymoo,124.484375
154,500,3,nmoo,124.484375
155,500,3,pymoo,124.484375
156,500,3,nmoo,124.484375
157,500,3,pymoo,124.484375
158,500,3,nmoo,124.484375
159,500,3,pymoo,124.484375
160,500,4,nmoo,124.484375
161,500,4,pymoo,124.48828125
162,500,4,nmoo,124.48828125
163,500,4,pymoo,124.4921875
164,500,4,nmoo,124.4921875
165,500,4,pymoo,124.4921875
166,500,4,nmoo,124.4921875
167,500,4,pymoo,124.4921875
168,500,4,nmoo,124.4921875
169,500,4,pymoo,124.4921875
170,500,4,nmoo,124.4921875
171,500,4,pymoo,124.49609375
172,500,4,nmoo,124.49609375
173,500,4,pymoo,124.49609375
174,500,4,nmoo,124.49609375
175,500,4,pymoo,124.49609375
176,500,4,nmoo,124.49609375
177,500,4,pymoo,124.49609375
178,500,4,nmoo,124.49609375
179,500,4,pymoo,124.49609375
180,500,5,nmoo,124.49609375
181,500,5,pymoo,124.49609375
182,500,5,nmoo,124.49609375
183,500,5,pymoo,124.49609375
184,500,5,nmoo,124.49609375
185,500,5,pymoo,124.49609375
186,500,5,nmoo,124.49609375
187,500,5,pymoo,124.49609375
188,500,5,nmoo,124.49609375
189,500,5,pymoo,124.49609375
190,500,5,nmoo,124.49609375
191,500,5,pymoo,124.49609375
192,500,5,nmoo,124.49609375
193,500,5,pymoo,124.49609375
194,500,5,nmoo,124.49609375
195,500,5,pymoo,124.49609375
196,500,5,nmoo,124.49609375
197,500,5,pymoo,124.49609375
198,500,5,nmoo,124.49609375
199,500,5,pymoo,124.49609375
200,500,6,nmoo,124.49609375
201,500,6,pymoo,124.49609375
202,500,6,nmoo,124.49609375
203,500,6,pymoo,124.49609375
204,500,6,nmoo,124.49609375
205,500,6,pymoo,124.49609375
206,500,6,nmoo,124.49609375
207,500,6,pymoo,124.49609375
208,500,6,nmoo,124.49609375
209,500,6,pymoo,124.49609375
210,500,6,nmoo,124.49609375
211,500,6,pymoo,124.49609375
212,500,6,nmoo,124.49609375
213,500,6,pymoo,124.49609375
214,500,6,nmoo,124.49609375
215,500,6,pymoo,124.49609375
216,500,6,nmoo,124.49609375
217,500,6,pymoo,124.49609375
218,500,6,nmoo,124.49609375
219,500,6,pymoo,124.49609375
220,500,7,nmoo,124.49609375
221,500,7,pymoo,124.49609375
222,500,7,nmoo,124.49609375
223,500,7,pymoo,124.49609375
224,500,7,nmoo,124.49609375
225,500,7,pymoo,124.49609375
226,500,7,nmoo,124.49609375
227,500,7,pymoo,124.49609375
228,500,7,nmoo,124.49609375
229,500,7,pymoo,124.49609375
230,500,7,nmoo,124.49609375
231,500,7,pymoo,124.49609375
232,500,7,nmoo,124.49609375
233,500,7,pymoo,124.49609375
234,500,7,nmoo,124.49609375
235,500,7,pymoo,124.49609375
236,500,7,nmoo,124.49609375
237,500,7,pymoo,124.49609375
238,500,7,nmoo,124.49609375
239,500,7,pymoo,124.49609375
240,1000,2,nmoo,125.19921875
241,1000,2,pymoo,129.40234375
242,1000,2,nmoo,129.70703125
243,1000,2,pymoo,129.70703125
244,1000,2,nmoo,129.70703125
245,1000,2,pymoo,129.70703125
246,1000,2,nmoo,130.20703125
247,1000,2,pymoo,130.20703125
248,1000,2,nmoo,130.20703125
249,1000,2,pymoo,130.20703125
250,1000,2,nmoo,130.20703125
251,1000,2,pymoo,130.20703125
252,1000,2,nmoo,130.20703125
253,1000,2,pymoo,130.20703125
254,1000,2,nmoo,130.20703125
255,1000,2,pymoo,130.20703125
256,1000,2,nmoo,130.20703125
257,1000,2,pymoo,130.20703125
258,1000,2,nmoo,130.20703125
259,1000,2,pymoo,130.20703125
260,1000,3,nmoo,130.20703125
261,1000,3,pymoo,130.20703125
262,1000,3,nmoo,130.20703125
263,1000,3,pymoo,130.20703125
264,1000,3,nmoo,130.20703125
265,1000,3,pymoo,130.20703125
266,1000,3,nmoo,130.20703125
267,1000,3,pymoo,130.20703125
268,1000,3,nmoo,130.20703125
269,1000,3,pymoo,130.20703125
270,1000,3,nmoo,130.20703125
271,1000,3,pymoo,130.20703125
272,1000,3,nmoo,130.20703125
273,1000,3,pymoo,130.20703125
274,1000,3,nmoo,130.20703125
275,1000,3,pymoo,130.20703125
276,1000,3,nmoo,130.20703125
277,1000,3,pymoo,130.20703125
278,1000,3,nmoo,130.20703125
279,1000,3,pymoo,130.20703125
280,1000,4,nmoo,130.2109375
281,1000,4,pymoo,130.2109375
282,1000,4,nmoo,130.2109375
283,1000,4,pymoo,130.2109375
284,1000,4,nmoo,130.2109375
285,1000,4,pymoo,130.2109375
286,1000,4,nmoo,130.2109375
287,1000,4,pymoo,130.2109375
288,1000,4,nmoo,130.2109375
289,1000,4,pymoo,130.2109375
290,1000,4,nmoo,130.2109375
291,1000,4,pymoo,130.2109375
292,1000,4,nmoo,130.2109375
293,1000,4,pymoo,130.2109375
294,1000,4,nmoo,130.2109375
295,1000,4,pymoo,130.2109375
296,1000,4,nmoo,130.2109375
297,1000,4,pymoo,130.2109375
298,1000,4,nmoo,130.2109375
299,1000,4,pymoo,130.2109375
300,1000,5,nmoo,130.2109375
301,1000,5,pymoo,130.2109375
302,1000,5,nmoo,130.2109375
303,1000,5,pymoo,130.2109375
304,1000,5,nmoo,130.2109375
305,1000,5,pymoo,130.2109375
306,1000,5,nmoo,130.2109375
307,1000,5,pymoo,130.2109375
308,1000,5,nmoo,130.2109375
309,1000,5,pymoo,130.2109375
310,1000,5,nmoo,130.2109375
311,1000,5,pymoo,130.2109375
312,1000,5,nmoo,130.2109375
313,1000,5,pymoo,130.2109375
314,1000,5,nmoo,130.2109375
315,1000,5,pymoo,130.2109375
316,1000,5,nmoo,130.2109375
317,1000,5,pymoo,130.2109375
318,1000,5,nmoo,130.2109375
319,1000,5,pymoo,130.2109375
320,1000,6,nmoo,130.2109375
321,1000,6,pymoo,130.2109375
322,1000,6,nmoo,130.2109375
323,1000,6,pymoo,130.2109375
324,1000,6,nmoo,130.21484375
325,1000,6,pymoo,130.21484375
326,1000,6,nmoo,130.21484375
327,1000,6,pymoo,130.21484375
328,1000,6,nmoo,130.21875
329,1000,6,pymoo,130.21875
330,1000,6,nmoo,130.21875
331,1000,6,pymoo,130.21875
332,1000,6,nmoo,130.21875
333,1000,6,pymoo,130.21875
334,1000,6,nmoo,130.21875
335,1000,6,pymoo,130.21875
336,1000,6,nmoo,130.21875
337,1000,6,pymoo,130.21875
338,1000,6,nmoo,130.21875
339,1000,6,pymoo,130.21875
340,1000,7,nmoo,130.21875
341,1000,7,pymoo,130.21875
342,1000,7,nmoo,130.21875
343,1000,7,pymoo,130.21875
344,1000,7,nmoo,130.21875
345,1000,7,pymoo,130.21875
346,1000,7,nmoo,130.21875
347,1000,7,pymoo,130.21875
348,1000,7,nmoo,130.21875
349,1000,7,pymoo,130.21875
350,1000,7,nmoo,130.21875
351,1000,7,pymoo,130.21875
352,1000,7,nmoo,130.21875
353,1000,7,pymoo,130.21875
354,1000,7,nmoo,130.21875
355,1000,7,pymoo,130.21875
356,1000,7,nmoo,130.21875
357,1000,7,pymoo,130.21875
358,1000,7,nmoo,130.21875
359,1000,7,pymoo,130.21875
360,5000,2,nmoo,136.65625
361,5000,2,pymoo,261.31640625
362,5000,2,nmoo,233.90234375
363,5000,2,pymoo,263.55078125
364,5000,2,nmoo,230.9375
365,5000,2,pymoo,262.37109375
366,5000,2,nmoo,235.72265625
367,5000,2,pymoo,264.0390625
368,5000,2,nmoo,232.67578125
369,5000,2,pymoo,263.15234375
370,5000,2,nmoo,234.8359375
371,5000,2,pymoo,264.9921875
372,5000,2,nmoo,236.27734375
373,5000,2,pymoo,264.5234375
374,5000,2,nmoo,239.5546875
375,5000,2,pymoo,265.31640625
376,5000,2,nmoo,235.5
377,5000,2,pymoo,264.47265625
378,5000,2,nmoo,235.640625
379,5000,2,pymoo,265.90234375
380,5000,3,nmoo,235.15625
381,5000,3,pymoo,247.4296875
382,5000,3,nmoo,236.984375
383,5000,3,pymoo,248.58984375
384,5000,3,nmoo,239.50390625
385,5000,3,pymoo,247.953125
386,5000,3,nmoo,240.80078125
387,5000,3,pymoo,249.55078125
388,5000,3,nmoo,241.046875
389,5000,3,pymoo,249.48046875
390,5000,3,nmoo,241.0546875
391,5000,3,pymoo,249.72265625
392,5000,3,nmoo,237.3984375
393,5000,3,pymoo,249.83984375
394,5000,3,nmoo,237.65234375
395,5000,3,pymoo,249.95703125
396,5000,3,nmoo,237.79296875
397,5000,3,pymoo,250.546875
398,5000,3,nmoo,238.97265625
399,5000,3,pymoo,250.5078125
400,5000,4,nmoo,241.51953125
401,5000,4,pymoo,241.96875
402,5000,4,nmoo,240.18359375
403,5000,4,pymoo,242.09765625
404,5000,4,nmoo,239.84375
405,5000,4,pymoo,242.12890625
406,5000,4,nmoo,238.25390625
407,5000,4,pymoo,242.15234375
408,5000,4,nmoo,240.99609375
409,5000,4,pymoo,242.27734375
410,5000,4,nmoo,238.25390625
411,5000,4,pymoo,241.9375
412,5000,4,nmoo,239.671875
413,5000,4,pymoo,242.6484375
414,5000,4,nmoo,238.40625
415,5000,4,pymoo,242.484375
416,5000,4,nmoo,238.47265625
417,5000,4,pymoo,242.00390625
418,5000,4,nmoo,238.25390625
419,5000,4,pymoo,242.19921875
420,5000,5,nmoo,240.9140625
421,5000,5,pymoo,240.92578125
422,5000,5,nmoo,238.25390625
423,5000,5,pymoo,239.10546875
424,5000,5,nmoo,239.203125
425,5000,5,pymoo,239.22265625
426,5000,5,nmoo,239.22265625
427,5000,5,pymoo,239.22265625
428,5000,5,nmoo,239.22265625
429,5000,5,pymoo,239.22265625
430,5000,5,nmoo,239.22265625
431,5000,5,pymoo,239.22265625
432,5000,5,nmoo,239.22265625
433,5000,5,pymoo,239.2890625
434,5000,5,nmoo,239.2890625
435,5000,5,pymoo,239.2890625
436,5000,5,nmoo,239.2890625
437,5000,5,pymoo,239.2890625
438,5000,5,nmoo,239.2890625
439,5000,5,pymoo,239.2890625
440,5000,6,nmoo,239.2890625
441,5000,6,pymoo,239.2890625
442,5000,6,nmoo,239.2890625
443,5000,6,pymoo,239.2890625
444,5000,6,nmoo,239.2890625
445,5000,6,pymoo,239.2890625
446,5000,6,nmoo,239.2890625
447,5000,6,pymoo,239.2890625
448,5000,6,nmoo,239.2890625
449,5000,6,pymoo,239.2890625
450,5000,6,nmoo,239.2890625
451,5000,6,pymoo,239.2890625
452,5000,6,nmoo,239.2890625
453,5000,6,pymoo,239.2890625
454,5000,6,nmoo,239.2890625
455,5000,6,pymoo,239.2890625
456,5000,6,nmoo,239.2890625
457,5000,6,pymoo,239.2890625
458,5000,6,nmoo,239.2890625
459,5000,6,pymoo,239.2890625
460,5000,7,nmoo,239.2890625
461,5000,7,pymoo,239.2890625
462,5000,7,nmoo,239.2890625
463,5000,7,pymoo,239.2890625
464,5000,7,nmoo,239.2890625
465,5000,7,pymoo,239.2890625
466,5000,7,nmoo,239.2890625
467,5000,7,pymoo,239.2890625
468,5000,7,nmoo,239.2890625
469,5000,7,pymoo,239.2890625
470,5000,7,nmoo,239.2890625
471,5000,7,pymoo,239.2890625
472,5000,7,nmoo,239.2890625
473,5000,7,pymoo,239.2890625
474,5000,7,nmoo,239.2890625
475,5000,7,pymoo,239.2890625
476,5000,7,nmoo,239.2890625
477,5000,7,pymoo,239.2890625
478,5000,7,nmoo,239.2890625
479,5000,7,pymoo,239.2890625
480,10000,2,nmoo,247.25
481,10000,2,pymoo,651.7734375
482,10000,2,nmoo,540.73828125
483,10000,2,pymoo,645.78125
484,10000,2,nmoo,537.63671875
485,10000,2,pymoo,643.546875
486,10000,2,nmoo,538.33984375
487,10000,2,pymoo,646.28515625
488,10000,2,nmoo,539.5390625
489,10000,2,pymoo,644.6953125
490,10000,2,nmoo,541.4375
491,10000,2,pymoo,646.18359375
492,10000,2,nmoo,537.015625
493,10000,2,pymoo,645.22265625
494,10000,2,nmoo,542.125
495,10000,2,pymoo,644.90234375
496,10000,2,nmoo,538.578125
497,10000,2,pymoo,645.71875
498,10000,2,nmoo,539.91796875
499,10000,2,pymoo,645.984375
500,10000,3,nmoo,540.41796875
501,10000,3,pymoo,596.6875
502,10000,3,nmoo,544.51171875
503,10000,3,pymoo,597.17578125
504,10000,3,nmoo,542.84375
505,10000,3,pymoo,596.75390625
506,10000,3,nmoo,542.81640625
507,10000,3,pymoo,597.921875
508,10000,3,nmoo,542.9765625
509,10000,3,pymoo,598.69140625
510,10000,3,nmoo,543.59765625
511,10000,3,pymoo,599.08203125
512,10000,3,nmoo,543.34375
513,10000,3,pymoo,598.09765625
514,10000,3,nmoo,551.34375
515,10000,3,pymoo,598.76171875
516,10000,3,nmoo,551.5625
517,10000,3,pymoo,598.16796875
518,10000,3,nmoo,552.3125
519,10000,3,pymoo,600.015625
520,10000,4,nmoo,552.06640625
521,10000,4,pymoo,567.1796875
522,10000,4,nmoo,543.69140625
523,10000,4,pymoo,567.73828125
524,10000,4,nmoo,543.44140625
525,10000,4,pymoo,567.7421875
526,10000,4,nmoo,544.14453125
527,10000,4,pymoo,567.62890625
528,10000,4,nmoo,544.76171875
529,10000,4,pymoo,567.23828125
530,10000,4,nmoo,545.0078125
531,10000,4,pymoo,567.88671875
532,10000,4,nmoo,547.04296875
533,10000,4,pymoo,567.23828125
534,10000,4,nmoo,544.4453125
535,10000,4,pymoo,568.1015625
536,10000,4,nmoo,545.78125
537,10000,4,pymoo,567.98828125
538,10000,4,nmoo,550.5390625
539,10000,4,pymoo,569.59765625
540,10000,5,nmoo,551.75
541,10000,5,pymoo,553.6640625
542,10000,5,nmoo,552.0546875
543,10000,5,pymoo,552.8046875
544,10000,5,nmoo,544.9453125
545,10000,5,pymoo,552.8671875
546,10000,5,nmoo,545.1953125
547,10000,5,pymoo,553.84375
548,10000,5,nmoo,545.703125
549,10000,5,pymoo,553.13671875
550,10000,5,nmoo,545.984375
551,10000,5,pymoo,554.10546875
552,10000,5,nmoo,545.98046875
553,10000,5,pymoo,553.39453125
554,10000,5,nmoo,546.078125
555,10000,5,pymoo,553.89453125
556,10000,5,nmoo,545.6953125
557,10000,5,pymoo,554.625
558,10000,5,nmoo,545.9453125
559,10000,5,pymoo,554.0234375
560,10000,6,nmoo,547.44921875
561,10000,6,pymoo,547.609375
562,10000,6,nmoo,547.859375
563,10000,6,pymoo,547.859375
564,10000,6,nmoo,548.08203125
565,10000,6,pymoo,548.08203125
566,10000,6,nmoo,548.08203125
567,10000,6,pymoo,548.08203125
568,10000,6,nmoo,548.08203125
569,10000,6,pymoo,548.08203125
570,10000,6,nmoo,548.08203125
571,10000,6,pymoo,548.08203125
572,10000,6,nmoo,548.08203125
573,10000,6,pymoo,548.08203125
574,10000,6,nmoo,548.08203125
575,10000,6,pymoo,548.16015625
576,10000,6,nmoo,548.17578125
577,10000,6,pymoo,548.17578125
578,10000,6,nmoo,548.17578125
579,10000,6,pymoo,548.17578125
580,10000,7,nmoo,548.17578125
581,10000,7,pymoo,548.17578125
582,10000,7,nmoo,548.17578125
583,10000,7,pymoo,548.17578125
584,10000,7,nmoo,548.17578125
585,10000,7,pymoo,548.17578125
586,10000,7,nmoo,548.17578125
587,10000,7,pymoo,548.17578125
588,10000,7,nmoo,548.17578125
589,10000,7,pymoo,548.17578125
590,10000,7,nmoo,548.17578125
591,10000,7,pymoo,548.17578125
592,10000,7,nmoo,548.17578125
593,10000,7,pymoo,548.17578125
594,10000,7,nmoo,548.17578125
595,10000,7,pymoo,548.17578125
596,10000,7,nmoo,548.17578125
597,10000,7,pymoo,548.17578125
598,10000,7,nmoo,548.17578125
599,10000,7,pymoo,548.17578125
600,50000,2,nmoo,612.41015625
601,50000,2,pymoo,12767.5625
602,50000,2,nmoo,9993.7265625
603,50000,2,pymoo,12778.84375
604,50000,2,nmoo,10024.03125
605,50000,2,pymoo,12796.8359375
606,50000,2,nmoo,10025.109375
607,50000,2,pymoo,12803.16796875
608,50000,2,nmoo,9904.6171875
609,50000,2,pymoo,12768.51953125
610,50000,2,nmoo,9905.6171875
611,50000,2,pymoo,12756.19140625
612,50000,2,nmoo,9914.59375
613,50000,2,pymoo,12776.7890625
614,50000,2,nmoo,9829.73828125
615,50000,2,pymoo,12764.75390625
616,50000,2,nmoo,10032.34375
617,50000,2,pymoo,12801.1953125
618,50000,2,nmoo,10064.22265625
619,50000,2,pymoo,12783.09765625
620,50000,3,nmoo,10063.23046875
621,50000,3,pymoo,11305.5234375
622,50000,3,nmoo,10064.9765625
623,50000,3,pymoo,11292.86328125
624,50000,3,nmoo,10063.7265625
625,50000,3,pymoo,11301.78125
626,50000,3,nmoo,10065.7265625
627,50000,3,pymoo,11298.53515625
628,50000,3,nmoo,10064.2265625
629,50000,3,pymoo,11282.78515625
630,50000,3,nmoo,10066.4765625
631,50000,3,pymoo,11325.64453125
632,50000,3,nmoo,10064.98046875
633,50000,3,pymoo,11299.328125
634,50000,3,nmoo,10067.23046875
635,50000,3,pymoo,11308.5859375
636,50000,3,nmoo,10065.73046875
637,50000,3,pymoo,11300.14453125
638,50000,3,nmoo,10067.98046875
639,50000,3,pymoo,11305.80078125
640,50000,4,nmoo,10066.48046875
641,50000,4,pymoo,10562.71875
642,50000,4,nmoo,10068.73046875
643,50000,4,pymoo,10567.15625
644,50000,4,nmoo,10067.23046875
645,50000,4,pymoo,10549.4375
646,50000,4,nmoo,10069.48046875
647,50000,4,pymoo,10564.65234375
648,50000,4,nmoo,10067.98046875
649,50000,4,pymoo,10572.5859375
650,50000,4,nmoo,10070.23046875
651,50000,4,pymoo,10570.6171875
652,50000,4,nmoo,10068.73046875
653,50000,4,pymoo,10565.71484375
654,50000,4,nmoo,10070.98046875
655,50000,4,pymoo,10561.36328125
656,50000,4,nmoo,10069.48046875
657,50000,4,pymoo,10573.09375
658,50000,4,nmoo,10071.73046875
659,50000,4,pymoo,10566.671875
660,50000,5,nmoo,10070.23046875
661,50000,5,pymoo,10189.95703125
662,50000,5,nmoo,10072.48046875
663,50000,5,pymoo,10191.5546875
664,50000,5,nmoo,10070.98046875
665,50000,5,pymoo,10191.07421875
666,50000,5,nmoo,10073.23046875
667,50000,5,pymoo,10194.49609375
668,50000,5,nmoo,10071.73046875
669,50000,5,pymoo,10196.11328125
670,50000,5,nmoo,10073.98046875
671,50000,5,pymoo,10198.5625
672,50000,5,nmoo,10072.48046875
673,50000,5,pymoo,10204.6796875
674,50000,5,nmoo,10074.73046875
675,50000,5,pymoo,10197.9609375
676,50000,5,nmoo,10073.23046875
677,50000,5,pymoo,10197.0
678,50000,5,nmoo,10075.48046875
679,50000,5,pymoo,10206.28125
680,50000,6,nmoo,10073.98046875
681,50000,6,pymoo,10073.98046875
682,50000,6,nmoo,10076.234375
683,50000,6,pymoo,10076.28125
684,50000,6,nmoo,10074.734375
685,50000,6,pymoo,10074.78125
686,50000,6,nmoo,10076.984375
687,50000,6,pymoo,10077.03125
688,50000,6,nmoo,10075.484375
689,50000,6,pymoo,10075.53125
690,50000,6,nmoo,10077.734375
691,50000,6,pymoo,10077.78125
692,50000,6,nmoo,10076.234375
693,50000,6,pymoo,10076.28125
694,50000,6,nmoo,10078.48828125
695,50000,6,pymoo,10078.53125
696,50000,6,nmoo,10076.98828125
697,50000,6,pymoo,10077.03125
698,50000,6,nmoo,10079.23828125
699,50000,6,pymoo,10079.28125
700,50000,7,nmoo,10077.73828125
701,50000,7,pymoo,10077.78125
702,50000,7,nmoo,10079.98828125
703,50000,7,pymoo,10080.03125
704,50000,7,nmoo,10078.48828125
705,50000,7,pymoo,10078.53125
706,50000,7,nmoo,10080.73828125
707,50000,7,pymoo,10080.78125
708,50000,7,nmoo,10079.23828125
709,50000,7,pymoo,10079.28125
710,50000,7,nmoo,10081.23828125
711,50000,7,pymoo,10081.28125
712,50000,7,nmoo,10079.98828125
713,50000,7,pymoo,10080.03125
714,50000,7,nmoo,10081.73828125
715,50000,7,pymoo,10081.78125
716,50000,7,nmoo,10080.73828125
717,50000,7,pymoo,10080.78125
718,50000,7,nmoo,10082.23828125
719,50000,7,pymoo,10082.28125
720,100000,2,nmoo,10162.0625
721,100000,2,pymoo,50282.21875
722,100000,2,nmoo,38710.609375
723,100000,2,pymoo,50304.11328125
724,100000,2,nmoo,39262.98828125
725,100000,2,pymoo,50387.8046875
726,100000,2,nmoo,39158.95703125
727,100000,2,pymoo,50397.94140625
728,100000,2,nmoo,39158.96484375
729,100000,2,pymoo,50365.9453125
730,100000,2,nmoo,38646.15234375
731,100000,2,pymoo,50325.26953125
732,100000,2,nmoo,38843.93359375
733,100000,2,pymoo,50351.6875
734,100000,2,nmoo,39605.796875
735,100000,2,pymoo,50492.9921875
736,100000,2,nmoo,39713.50390625
737,100000,2,pymoo,50408.96875
738,100000,2,nmoo,39713.75390625
739,100000,2,pymoo,50490.08203125
740,100000,3,nmoo,39714.00390625
741,100000,3,pymoo,44538.9453125
742,100000,3,nmoo,39714.15234375
743,100000,3,pymoo,44544.61328125
744,100000,3,nmoo,39714.40234375
745,100000,3,pymoo,44525.77734375
746,100000,3,nmoo,39714.65234375
747,100000,3,pymoo,44497.109375
748,100000,3,nmoo,39714.90234375
749,100000,3,pymoo,44492.87109375
750,100000,3,nmoo,39715.15234375
751,100000,3,pymoo,44470.4921875
752,100000,3,nmoo,39715.40234375
753,100000,3,pymoo,44539.48828125
754,100000,3,nmoo,39715.65234375
755,100000,3,pymoo,44501.76953125
756,100000,3,nmoo,39715.90234375
757,100000,3,pymoo,44523.39453125
758,100000,3,nmoo,39716.15234375
759,100000,3,pymoo,44514.23828125
760,100000,4,nmoo,39716.40234375
761,100000,4,pymoo,41594.24609375
762,100000,4,nmoo,39716.65234375
763,100000,4,pymoo,41598.8203125
764,100000,4,nmoo,39716.90234375
765,100000,4,pymoo,41595.95703125
766,100000,4,nmoo,39717.15234375
767,100000,4,pymoo,41591.96875
768,100000,4,nmoo,39717.40234375
769,100000,4,pymoo,41602.99609375
770,100000,4,nmoo,39717.65234375
771,100000,4,pymoo,41601.62890625
772,100000,4,nmoo,39717.90234375
773,100000,4,pymoo,41615.48046875
774,100000,4,nmoo,39718.15234375
775,100000,4,pymoo,41609.5625
776,100000,4,nmoo,39718.40234375
777,100000,4,pymoo,41609.86328125
778,100000,4,nmoo,39718.65625
779,100000,4,pymoo,41629.59375
780,100000,5,nmoo,39718.90625
781,100000,5,pymoo,40132.75
782,100000,5,nmoo,39719.15625
783,100000,5,pymoo,40136.42578125
784,100000,5,nmoo,39719.40625
785,100000,5,pymoo,40142.03515625
786,100000,5,nmoo,39719.65625
787,100000,5,pymoo,40147.296875
788,100000,5,nmoo,39719.90625
789,100000,5,pymoo,40144.16015625
790,100000,5,nmoo,39720.15625
791,100000,5,pymoo,40138.109375
792,100000,5,nmoo,39720.40625
793,100000,5,pymoo,40143.97265625
794,100000,5,nmoo,39720.65625
795,100000,5,pymoo,40162.77734375
796,100000,5,nmoo,39720.90625
797,100000,5,pymoo,40149.703125
798,100000,5,nmoo,39721.15625
799,100000,5,pymoo,40154.3515625
800,100000,6,nmoo,39721.40625
801,100000,6,pymoo,39721.40625
802,100000,6,nmoo,39721.65625
803,100000,6,pymoo,39721.65625
804,100000,6,nmoo,39721.90625
805,100000,6,pymoo,39721.90625
806,100000,6,nmoo,39722.15625
807,100000,6,pymoo,39722.15625
808,100000,6,nmoo,39722.40625
809,100000,6,pymoo,39722.40625
810,100000,6,nmoo,39722.65625
811,100000,6,pymoo,39722.65625
812,100000,6,nmoo,39722.91015625
813,100000,6,pymoo,39722.91015625
814,100000,6,nmoo,39723.16015625
815,100000,6,pymoo,39723.16015625
816,100000,6,nmoo,39723.41015625
817,100000,6,pymoo,39723.41015625
818,100000,6,nmoo,39723.66015625
819,100000,6,pymoo,39723.66015625
820,100000,7,nmoo,39723.91015625
821,100000,7,pymoo,39723.91015625
822,100000,7,nmoo,39724.16015625
823,100000,7,pymoo,39724.16015625
824,100000,7,nmoo,39724.41015625
825,100000,7,pymoo,39724.41015625
826,100000,7,nmoo,39724.66015625
827,100000,7,pymoo,39724.66015625
828,100000,7,nmoo,39724.91796875
829,100000,7,pymoo,39724.91796875
830,100000,7,nmoo,39725.16796875
831,100000,7,pymoo,39725.16796875
832,100000,7,nmoo,39725.41796875
833,100000,7,pymoo,39725.41796875
834,100000,7,nmoo,39725.66796875
835,100000,7,pymoo,39725.66796875
836,100000,7,nmoo,39725.91796875
837,100000,7,pymoo,39725.91796875
838,100000,7,nmoo,39726.16796875
839,100000,7,pymoo,39726.16796875
