,N,d,algorithm,memory,time
0,100,2,nmoo,120.90234375,0.00024318695068359375
1,100,2,efficient_non_dominated_sort,121.3125,0.0005817413330078125
2,100,2,fast_non_dominated_sort,121.31640625,0.0009658336639404297
3,100,2,nmoo,121.31640625,0.00023245811462402344
4,100,2,efficient_non_dominated_sort,121.3203125,0.0005686283111572266
5,100,2,fast_non_dominated_sort,121.3203125,0.0008389949798583984
6,100,2,nmoo,121.3203125,0.00025343894958496094
7,100,2,efficient_non_dominated_sort,121.3203125,0.0007967948913574219
8,100,2,fast_non_dominated_sort,121.3203125,0.0010406970977783203
9,100,2,nmoo,121.3203125,0.00024271011352539062
10,100,2,efficient_non_dominated_sort,121.3203125,0.0007176399230957031
11,100,2,fast_non_dominated_sort,121.3203125,0.0011565685272216797
12,100,2,nmoo,121.3203125,0.0002498626708984375
13,100,2,efficient_non_dominated_sort,121.3203125,0.0007491111755371094
14,100,2,fast_non_dominated_sort,121.3203125,0.0009756088256835938
15,100,2,nmoo,121.3203125,0.00023865699768066406
16,100,2,efficient_non_dominated_sort,121.3203125,0.0007681846618652344
17,100,2,fast_non_dominated_sort,121.3203125,0.0009918212890625
18,100,2,nmoo,121.3203125,0.0002918243408203125
19,100,2,efficient_non_dominated_sort,121.3203125,0.0006060600280761719
20,100,2,fast_non_dominated_sort,121.3203125,0.0009751319885253906
21,100,2,nmoo,121.32421875,0.000347137451171875
22,100,2,efficient_non_dominated_sort,121.32421875,0.000591278076171875
23,100,2,fast_non_dominated_sort,121.32421875,0.0011546611785888672
24,100,2,nmoo,121.32421875,0.0002541542053222656
25,100,2,efficient_non_dominated_sort,121.32421875,0.0006136894226074219
26,100,2,fast_non_dominated_sort,121.32421875,0.0009579658508300781
27,100,2,nmoo,121.32421875,0.0002465248107910156
28,100,2,efficient_non_dominated_sort,121.32421875,0.0006155967712402344
29,100,2,fast_non_dominated_sort,121.328125,0.001085042953491211
30,100,3,nmoo,121.328125,0.0008161067962646484
31,100,3,efficient_non_dominated_sort,121.328125,0.0005719661712646484
32,100,3,fast_non_dominated_sort,121.328125,0.0010616779327392578
33,100,3,nmoo,121.328125,0.0006551742553710938
34,100,3,efficient_non_dominated_sort,121.328125,0.0005795955657958984
35,100,3,fast_non_dominated_sort,121.328125,0.0009291172027587891
36,100,3,nmoo,121.328125,0.0008177757263183594
37,100,3,efficient_non_dominated_sort,121.328125,0.0005095005035400391
38,100,3,fast_non_dominated_sort,121.328125,0.0009331703186035156
39,100,3,nmoo,121.328125,0.001192331314086914
40,100,3,efficient_non_dominated_sort,121.328125,0.0005059242248535156
41,100,3,fast_non_dominated_sort,121.328125,0.0008933544158935547
42,100,3,nmoo,121.328125,0.0007805824279785156
43,100,3,efficient_non_dominated_sort,121.328125,0.0006771087646484375
44,100,3,fast_non_dominated_sort,121.328125,0.0009605884552001953
45,100,3,nmoo,121.328125,0.0006356239318847656
46,100,3,efficient_non_dominated_sort,121.328125,0.0005662441253662109
47,100,3,fast_non_dominated_sort,121.328125,0.0009260177612304688
48,100,3,nmoo,121.328125,0.0013909339904785156
49,100,3,efficient_non_dominated_sort,121.328125,0.0006144046783447266
50,100,3,fast_non_dominated_sort,121.328125,0.0009639263153076172
51,100,3,nmoo,121.328125,0.0008804798126220703
52,100,3,efficient_non_dominated_sort,121.328125,0.0005137920379638672
53,100,3,fast_non_dominated_sort,121.328125,0.0010714530944824219
54,100,3,nmoo,121.328125,0.0005571842193603516
55,100,3,efficient_non_dominated_sort,121.328125,0.0005340576171875
56,100,3,fast_non_dominated_sort,121.328125,0.0009062290191650391
57,100,3,nmoo,121.328125,0.0007691383361816406
58,100,3,efficient_non_dominated_sort,121.328125,0.0006170272827148438
59,100,3,fast_non_dominated_sort,121.33203125,0.0010306835174560547
60,100,4,nmoo,121.33203125,0.0017616748809814453
61,100,4,efficient_non_dominated_sort,121.33203125,0.0005755424499511719
62,100,4,fast_non_dominated_sort,121.33203125,0.0009567737579345703
63,100,4,nmoo,121.33203125,0.0012836456298828125
64,100,4,efficient_non_dominated_sort,121.33203125,0.0006268024444580078
65,100,4,fast_non_dominated_sort,121.33203125,0.000888824462890625
66,100,4,nmoo,121.33203125,0.0025255680084228516
67,100,4,efficient_non_dominated_sort,121.33203125,0.0005304813385009766
68,100,4,fast_non_dominated_sort,121.33203125,0.0008792877197265625
69,100,4,nmoo,121.33203125,0.0012955665588378906
70,100,4,efficient_non_dominated_sort,121.3359375,0.0005667209625244141
71,100,4,fast_non_dominated_sort,121.3359375,0.0010519027709960938
72,100,4,nmoo,121.3359375,0.0015249252319335938
73,100,4,efficient_non_dominated_sort,121.3359375,0.0006988048553466797
74,100,4,fast_non_dominated_sort,121.3359375,0.0009272098541259766
75,100,4,nmoo,121.3359375,0.0016388893127441406
76,100,4,efficient_non_dominated_sort,121.3359375,0.0005719661712646484
77,100,4,fast_non_dominated_sort,121.3359375,0.0008785724639892578
78,100,4,nmoo,121.3359375,0.0010809898376464844
79,100,4,efficient_non_dominated_sort,121.3359375,0.0005373954772949219
80,100,4,fast_non_dominated_sort,121.3359375,0.0008893013000488281
81,100,4,nmoo,121.3359375,0.0016543865203857422
82,100,4,efficient_non_dominated_sort,121.3359375,0.0005660057067871094
83,100,4,fast_non_dominated_sort,121.3359375,0.001056671142578125
84,100,4,nmoo,121.33984375,0.0033791065216064453
85,100,4,efficient_non_dominated_sort,121.33984375,0.0005648136138916016
86,100,4,fast_non_dominated_sort,121.33984375,0.0010249614715576172
87,100,4,nmoo,121.33984375,0.0012438297271728516
88,100,4,efficient_non_dominated_sort,121.33984375,0.0006642341613769531
89,100,4,fast_non_dominated_sort,121.33984375,0.0009257793426513672
90,100,5,nmoo,121.33984375,0.003164052963256836
91,100,5,efficient_non_dominated_sort,121.33984375,0.0005559921264648438
92,100,5,fast_non_dominated_sort,121.33984375,0.0008184909820556641
93,100,5,nmoo,121.33984375,0.0035173892974853516
94,100,5,efficient_non_dominated_sort,121.33984375,0.0005543231964111328
95,100,5,fast_non_dominated_sort,121.33984375,0.0008113384246826172
96,100,5,nmoo,121.33984375,0.0024166107177734375
97,100,5,efficient_non_dominated_sort,121.33984375,0.0005764961242675781
98,100,5,fast_non_dominated_sort,121.33984375,0.0008392333984375
99,100,5,nmoo,121.33984375,0.0031614303588867188
100,100,5,efficient_non_dominated_sort,121.33984375,0.0005943775177001953
101,100,5,fast_non_dominated_sort,121.33984375,0.0008459091186523438
102,100,5,nmoo,121.33984375,0.0035698413848876953
103,100,5,efficient_non_dominated_sort,121.33984375,0.0005443096160888672
104,100,5,fast_non_dominated_sort,121.33984375,0.0008034706115722656
105,100,5,nmoo,121.33984375,0.0030984878540039062
106,100,5,efficient_non_dominated_sort,121.33984375,0.0005497932434082031
107,100,5,fast_non_dominated_sort,121.33984375,0.0008330345153808594
108,100,5,nmoo,121.33984375,0.0036056041717529297
109,100,5,efficient_non_dominated_sort,121.34375,0.0005519390106201172
110,100,5,fast_non_dominated_sort,121.34375,0.0009446144104003906
111,100,5,nmoo,121.34375,0.0036208629608154297
112,100,5,efficient_non_dominated_sort,121.34375,0.0005578994750976562
113,100,5,fast_non_dominated_sort,121.34375,0.0010094642639160156
114,100,5,nmoo,121.34375,0.002864837646484375
115,100,5,efficient_non_dominated_sort,121.34375,0.0006632804870605469
116,100,5,fast_non_dominated_sort,121.34375,0.0008087158203125
117,100,5,nmoo,121.34375,0.0033719539642333984
118,100,5,efficient_non_dominated_sort,121.34765625,0.0005559921264648438
119,100,5,fast_non_dominated_sort,121.3515625,0.0008420944213867188
120,100,6,nmoo,121.35546875,0.004856586456298828
121,100,6,efficient_non_dominated_sort,121.359375,0.0006051063537597656
122,100,6,fast_non_dominated_sort,121.359375,0.0007894039154052734
123,100,6,nmoo,121.359375,0.004481792449951172
124,100,6,efficient_non_dominated_sort,121.359375,0.0005717277526855469
125,100,6,fast_non_dominated_sort,121.359375,0.0007944107055664062
126,100,6,nmoo,121.359375,0.004495143890380859
127,100,6,efficient_non_dominated_sort,121.359375,0.0007083415985107422
128,100,6,fast_non_dominated_sort,121.359375,0.0008270740509033203
129,100,6,nmoo,121.359375,0.005162715911865234
130,100,6,efficient_non_dominated_sort,121.359375,0.0005819797515869141
131,100,6,fast_non_dominated_sort,121.359375,0.0007958412170410156
132,100,6,nmoo,121.359375,0.005776405334472656
133,100,6,efficient_non_dominated_sort,121.36328125,0.000591278076171875
134,100,6,fast_non_dominated_sort,121.36328125,0.0007944107055664062
135,100,6,nmoo,121.36328125,0.0039789676666259766
136,100,6,efficient_non_dominated_sort,121.36328125,0.0005884170532226562
137,100,6,fast_non_dominated_sort,121.36328125,0.0009479522705078125
138,100,6,nmoo,121.36328125,0.002729177474975586
139,100,6,efficient_non_dominated_sort,121.36328125,0.0006895065307617188
140,100,6,fast_non_dominated_sort,121.36328125,0.0008158683776855469
141,100,6,nmoo,121.36328125,0.004681825637817383
142,100,6,efficient_non_dominated_sort,121.36328125,0.0006058216094970703
143,100,6,fast_non_dominated_sort,121.36328125,0.0008230209350585938
144,100,6,nmoo,121.36328125,0.0032966136932373047
145,100,6,efficient_non_dominated_sort,121.36328125,0.0005815029144287109
146,100,6,fast_non_dominated_sort,121.36328125,0.0007805824279785156
147,100,6,nmoo,121.36328125,0.003977060317993164
148,100,6,efficient_non_dominated_sort,121.36328125,0.0005674362182617188
149,100,6,fast_non_dominated_sort,121.36328125,0.0007753372192382812
150,100,7,nmoo,121.36328125,0.005818367004394531
151,100,7,efficient_non_dominated_sort,121.36328125,0.0005822181701660156
152,100,7,fast_non_dominated_sort,121.36328125,0.0007579326629638672
153,100,7,nmoo,121.36328125,0.0038623809814453125
154,100,7,efficient_non_dominated_sort,121.36328125,0.0005700588226318359
155,100,7,fast_non_dominated_sort,121.36328125,0.0007708072662353516
156,100,7,nmoo,121.36328125,0.005532503128051758
157,100,7,efficient_non_dominated_sort,121.36328125,0.00060272216796875
158,100,7,fast_non_dominated_sort,121.36328125,0.0008118152618408203
159,100,7,nmoo,121.36328125,0.005064964294433594
160,100,7,efficient_non_dominated_sort,121.36328125,0.0005941390991210938
161,100,7,fast_non_dominated_sort,121.3671875,0.000774383544921875
162,100,7,nmoo,121.3671875,0.006308078765869141
163,100,7,efficient_non_dominated_sort,121.3671875,0.0006227493286132812
164,100,7,fast_non_dominated_sort,121.3671875,0.00074005126953125
165,100,7,nmoo,121.3671875,0.005227327346801758
166,100,7,efficient_non_dominated_sort,121.37109375,0.0006773471832275391
167,100,7,fast_non_dominated_sort,121.37109375,0.0009007453918457031
168,100,7,nmoo,121.37109375,0.005269765853881836
169,100,7,efficient_non_dominated_sort,121.37109375,0.0006208419799804688
170,100,7,fast_non_dominated_sort,121.375,0.0007550716400146484
171,100,7,nmoo,121.375,0.006459236145019531
172,100,7,efficient_non_dominated_sort,121.375,0.0006363391876220703
173,100,7,fast_non_dominated_sort,121.375,0.000885009765625
174,100,7,nmoo,121.375,0.0045473575592041016
175,100,7,efficient_non_dominated_sort,121.375,0.0006971359252929688
176,100,7,fast_non_dominated_sort,121.375,0.0009009838104248047
177,100,7,nmoo,121.375,0.005161285400390625
178,100,7,efficient_non_dominated_sort,121.375,0.0006225109100341797
179,100,7,fast_non_dominated_sort,121.375,0.0007703304290771484
180,500,2,nmoo,121.375,0.0005741119384765625
181,500,2,efficient_non_dominated_sort,121.3828125,0.0017242431640625
182,500,2,fast_non_dominated_sort,122.6796875,0.0049092769622802734
183,500,2,nmoo,122.6796875,0.0005652904510498047
184,500,2,efficient_non_dominated_sort,122.6796875,0.0016274452209472656
185,500,2,fast_non_dominated_sort,122.6796875,0.0047512054443359375
186,500,2,nmoo,122.6796875,0.0006449222564697266
187,500,2,efficient_non_dominated_sort,122.6796875,0.0016942024230957031
188,500,2,fast_non_dominated_sort,122.6796875,0.004605770111083984
189,500,2,nmoo,122.6796875,0.0005681514739990234
190,500,2,efficient_non_dominated_sort,122.6796875,0.0015175342559814453
191,500,2,fast_non_dominated_sort,122.6796875,0.004757881164550781
192,500,2,nmoo,122.6796875,0.0006062984466552734
193,500,2,efficient_non_dominated_sort,122.6796875,0.0017094612121582031
194,500,2,fast_non_dominated_sort,122.6796875,0.004538059234619141
195,500,2,nmoo,122.6796875,0.0005660057067871094
196,500,2,efficient_non_dominated_sort,122.6796875,0.0016336441040039062
197,500,2,fast_non_dominated_sort,122.6796875,0.0049479007720947266
198,500,2,nmoo,122.6796875,0.0007119178771972656
199,500,2,efficient_non_dominated_sort,122.6796875,0.0014848709106445312
200,500,2,fast_non_dominated_sort,122.6796875,0.004660129547119141
201,500,2,nmoo,122.6796875,0.0007498264312744141
202,500,2,efficient_non_dominated_sort,122.6796875,0.0018172264099121094
203,500,2,fast_non_dominated_sort,122.6796875,0.004363298416137695
204,500,2,nmoo,122.6796875,0.0005605220794677734
205,500,2,efficient_non_dominated_sort,122.6796875,0.0017015933990478516
206,500,2,fast_non_dominated_sort,122.6796875,0.004654884338378906
207,500,2,nmoo,122.6796875,0.00058746337890625
208,500,2,efficient_non_dominated_sort,122.6796875,0.0015192031860351562
209,500,2,fast_non_dominated_sort,122.6796875,0.004424333572387695
210,500,3,nmoo,122.6796875,0.004219532012939453
211,500,3,efficient_non_dominated_sort,122.6796875,0.0013175010681152344
212,500,3,fast_non_dominated_sort,122.6796875,0.004551887512207031
213,500,3,nmoo,122.6796875,0.006924629211425781
214,500,3,efficient_non_dominated_sort,122.6796875,0.0014276504516601562
215,500,3,fast_non_dominated_sort,122.6796875,0.0043599605560302734
216,500,3,nmoo,122.6796875,0.007666587829589844
217,500,3,efficient_non_dominated_sort,122.6796875,0.0011551380157470703
218,500,3,fast_non_dominated_sort,122.6796875,0.004728078842163086
219,500,3,nmoo,122.6796875,0.005869626998901367
220,500,3,efficient_non_dominated_sort,122.6796875,0.0012774467468261719
221,500,3,fast_non_dominated_sort,122.6796875,0.004590034484863281
222,500,3,nmoo,122.6796875,0.004395484924316406
223,500,3,efficient_non_dominated_sort,122.6796875,0.0012850761413574219
224,500,3,fast_non_dominated_sort,122.6796875,0.004663705825805664
225,500,3,nmoo,122.6796875,0.0042498111724853516
226,500,3,efficient_non_dominated_sort,122.6796875,0.0013294219970703125
227,500,3,fast_non_dominated_sort,122.6796875,0.004749298095703125
228,500,3,nmoo,122.6796875,0.003208637237548828
229,500,3,efficient_non_dominated_sort,122.6796875,0.0012242794036865234
230,500,3,fast_non_dominated_sort,122.6796875,0.004779815673828125
231,500,3,nmoo,122.6796875,0.005388021469116211
232,500,3,efficient_non_dominated_sort,122.68359375,0.001409769058227539
233,500,3,fast_non_dominated_sort,122.6875,0.004828691482543945
234,500,3,nmoo,122.6875,0.0041217803955078125
235,500,3,efficient_non_dominated_sort,122.6875,0.0011208057403564453
236,500,3,fast_non_dominated_sort,122.6875,0.004723548889160156
237,500,3,nmoo,122.6875,0.006412029266357422
238,500,3,efficient_non_dominated_sort,122.6875,0.0013058185577392578
239,500,3,fast_non_dominated_sort,122.6875,0.004368782043457031
240,500,4,nmoo,122.6875,0.011005640029907227
241,500,4,efficient_non_dominated_sort,122.6953125,0.0011768341064453125
242,500,4,fast_non_dominated_sort,122.6953125,0.0046460628509521484
243,500,4,nmoo,122.6953125,0.01982855796813965
244,500,4,efficient_non_dominated_sort,122.703125,0.0012826919555664062
245,500,4,fast_non_dominated_sort,122.703125,0.004366159439086914
246,500,4,nmoo,122.703125,0.014097452163696289
247,500,4,efficient_non_dominated_sort,122.703125,0.0011780261993408203
248,500,4,fast_non_dominated_sort,122.703125,0.004633903503417969
249,500,4,nmoo,122.703125,0.008890151977539062
250,500,4,efficient_non_dominated_sort,122.703125,0.0014064311981201172
251,500,4,fast_non_dominated_sort,122.703125,0.004425525665283203
252,500,4,nmoo,122.703125,0.015046834945678711
253,500,4,efficient_non_dominated_sort,122.703125,0.001203775405883789
254,500,4,fast_non_dominated_sort,122.703125,0.004647493362426758
255,500,4,nmoo,122.703125,0.009081125259399414
256,500,4,efficient_non_dominated_sort,122.703125,0.0011749267578125
257,500,4,fast_non_dominated_sort,122.703125,0.004395723342895508
258,500,4,nmoo,122.703125,0.013531684875488281
259,500,4,efficient_non_dominated_sort,122.703125,0.0012044906616210938
260,500,4,fast_non_dominated_sort,122.703125,0.004427194595336914
261,500,4,nmoo,122.703125,0.011850357055664062
262,500,4,efficient_non_dominated_sort,122.703125,0.0012021064758300781
263,500,4,fast_non_dominated_sort,122.703125,0.004393339157104492
264,500,4,nmoo,122.703125,0.013180732727050781
265,500,4,efficient_non_dominated_sort,122.70703125,0.0011696815490722656
266,500,4,fast_non_dominated_sort,122.70703125,0.004830121994018555
267,500,4,nmoo,122.70703125,0.009788751602172852
268,500,4,efficient_non_dominated_sort,122.70703125,0.0013976097106933594
269,500,4,fast_non_dominated_sort,122.70703125,0.004244327545166016
270,500,5,nmoo,122.70703125,0.02305316925048828
271,500,5,efficient_non_dominated_sort,122.70703125,0.0014824867248535156
272,500,5,fast_non_dominated_sort,122.70703125,0.004354953765869141
273,500,5,nmoo,122.70703125,0.03457188606262207
274,500,5,efficient_non_dominated_sort,122.70703125,0.0013282299041748047
275,500,5,fast_non_dominated_sort,122.70703125,0.004359722137451172
276,500,5,nmoo,122.70703125,0.022717952728271484
277,500,5,efficient_non_dominated_sort,122.70703125,0.001361846923828125
278,500,5,fast_non_dominated_sort,122.70703125,0.004325389862060547
279,500,5,nmoo,122.70703125,0.029161930084228516
280,500,5,efficient_non_dominated_sort,122.70703125,0.0013394355773925781
281,500,5,fast_non_dominated_sort,122.70703125,0.0046689510345458984
282,500,5,nmoo,122.70703125,0.029720544815063477
283,500,5,efficient_non_dominated_sort,122.70703125,0.0013551712036132812
284,500,5,fast_non_dominated_sort,122.70703125,0.004480600357055664
285,500,5,nmoo,122.70703125,0.024663448333740234
286,500,5,efficient_non_dominated_sort,122.70703125,0.0014145374298095703
287,500,5,fast_non_dominated_sort,122.70703125,0.00443720817565918
288,500,5,nmoo,122.70703125,0.026752233505249023
289,500,5,efficient_non_dominated_sort,122.70703125,0.0013201236724853516
290,500,5,fast_non_dominated_sort,122.70703125,0.00439763069152832
291,500,5,nmoo,122.70703125,0.017190933227539062
292,500,5,efficient_non_dominated_sort,122.70703125,0.0013484954833984375
293,500,5,fast_non_dominated_sort,122.70703125,0.004534006118774414
294,500,5,nmoo,122.70703125,0.02739429473876953
295,500,5,efficient_non_dominated_sort,122.7109375,0.001642465591430664
296,500,5,fast_non_dominated_sort,122.7109375,0.004567861557006836
297,500,5,nmoo,122.7109375,0.02602672576904297
298,500,5,efficient_non_dominated_sort,122.7109375,0.0013265609741210938
299,500,5,fast_non_dominated_sort,122.7109375,0.004107236862182617
300,500,6,nmoo,122.7109375,0.06072735786437988
301,500,6,efficient_non_dominated_sort,122.7109375,0.0016834735870361328
302,500,6,fast_non_dominated_sort,122.7109375,0.004118919372558594
303,500,6,nmoo,122.7109375,0.04790210723876953
304,500,6,efficient_non_dominated_sort,122.7109375,0.0015294551849365234
305,500,6,fast_non_dominated_sort,122.7109375,0.003839254379272461
306,500,6,nmoo,122.7109375,0.04439210891723633
307,500,6,efficient_non_dominated_sort,122.7109375,0.0015249252319335938
308,500,6,fast_non_dominated_sort,122.7109375,0.004271030426025391
309,500,6,nmoo,122.7109375,0.04050922393798828
310,500,6,efficient_non_dominated_sort,122.7109375,0.0016536712646484375
311,500,6,fast_non_dominated_sort,122.7109375,0.003911733627319336
312,500,6,nmoo,122.7109375,0.041229963302612305
313,500,6,efficient_non_dominated_sort,122.7109375,0.0017080307006835938
314,500,6,fast_non_dominated_sort,122.71484375,0.004182577133178711
315,500,6,nmoo,122.71484375,0.05589652061462402
316,500,6,efficient_non_dominated_sort,122.71484375,0.0015523433685302734
317,500,6,fast_non_dominated_sort,122.71484375,0.004097938537597656
318,500,6,nmoo,122.71484375,0.03322410583496094
319,500,6,efficient_non_dominated_sort,122.71484375,0.0016205310821533203
320,500,6,fast_non_dominated_sort,122.71484375,0.0042705535888671875
321,500,6,nmoo,122.71484375,0.053827762603759766
322,500,6,efficient_non_dominated_sort,122.71484375,0.0014688968658447266
323,500,6,fast_non_dominated_sort,122.71484375,0.004271984100341797
324,500,6,nmoo,122.71484375,0.047353267669677734
325,500,6,efficient_non_dominated_sort,122.71484375,0.0015554428100585938
326,500,6,fast_non_dominated_sort,122.71484375,0.004045248031616211
327,500,6,nmoo,122.71484375,0.04985451698303223
328,500,6,efficient_non_dominated_sort,122.71484375,0.0016946792602539062
329,500,6,fast_non_dominated_sort,122.71484375,0.00425410270690918
330,500,7,nmoo,122.71484375,0.07329082489013672
331,500,7,efficient_non_dominated_sort,122.71484375,0.0016605854034423828
332,500,7,fast_non_dominated_sort,122.71484375,0.004065036773681641
333,500,7,nmoo,122.71484375,0.07930660247802734
334,500,7,efficient_non_dominated_sort,122.71484375,0.001764535903930664
335,500,7,fast_non_dominated_sort,122.71484375,0.003963470458984375
336,500,7,nmoo,122.71484375,0.0782310962677002
337,500,7,efficient_non_dominated_sort,122.71484375,0.0016984939575195312
338,500,7,fast_non_dominated_sort,122.71484375,0.0036773681640625
339,500,7,nmoo,122.71484375,0.06424546241760254
340,500,7,efficient_non_dominated_sort,122.71484375,0.0017173290252685547
341,500,7,fast_non_dominated_sort,122.71484375,0.004170656204223633
342,500,7,nmoo,122.71484375,0.08340311050415039
343,500,7,efficient_non_dominated_sort,122.71484375,0.0017325878143310547
344,500,7,fast_non_dominated_sort,122.71484375,0.004351615905761719
345,500,7,nmoo,122.71484375,0.07291936874389648
346,500,7,efficient_non_dominated_sort,122.71484375,0.0017409324645996094
347,500,7,fast_non_dominated_sort,122.71484375,0.003988504409790039
348,500,7,nmoo,122.71484375,0.07241153717041016
349,500,7,efficient_non_dominated_sort,122.71484375,0.0017580986022949219
350,500,7,fast_non_dominated_sort,122.71484375,0.004070758819580078
351,500,7,nmoo,122.71484375,0.0590214729309082
352,500,7,efficient_non_dominated_sort,122.71484375,0.0018317699432373047
353,500,7,fast_non_dominated_sort,122.71484375,0.004362583160400391
354,500,7,nmoo,122.71484375,0.0589749813079834
355,500,7,efficient_non_dominated_sort,122.71484375,0.0016961097717285156
356,500,7,fast_non_dominated_sort,122.71484375,0.004302263259887695
357,500,7,nmoo,122.71484375,0.0785665512084961
358,500,7,efficient_non_dominated_sort,122.71875,0.0019240379333496094
359,500,7,fast_non_dominated_sort,122.71875,0.00403141975402832
360,1000,2,nmoo,122.71875,0.0010223388671875
361,1000,2,efficient_non_dominated_sort,122.74609375,0.0032699108123779297
362,1000,2,fast_non_dominated_sort,126.76171875,0.013741254806518555
363,1000,2,nmoo,126.76171875,0.0011835098266601562
364,1000,2,efficient_non_dominated_sort,126.76171875,0.003748655319213867
365,1000,2,fast_non_dominated_sort,126.83203125,0.014590740203857422
366,1000,2,nmoo,126.83203125,0.001077890396118164
367,1000,2,efficient_non_dominated_sort,126.8359375,0.0034880638122558594
368,1000,2,fast_non_dominated_sort,126.83984375,0.013820648193359375
369,1000,2,nmoo,126.83984375,0.0010247230529785156
370,1000,2,efficient_non_dominated_sort,126.83984375,0.0035190582275390625
371,1000,2,fast_non_dominated_sort,126.83984375,0.014314889907836914
372,1000,2,nmoo,126.83984375,0.0010769367218017578
373,1000,2,efficient_non_dominated_sort,126.83984375,0.0034325122833251953
374,1000,2,fast_non_dominated_sort,126.83984375,0.013668298721313477
375,1000,2,nmoo,126.83984375,0.0009624958038330078
376,1000,2,efficient_non_dominated_sort,126.83984375,0.003143310546875
377,1000,2,fast_non_dominated_sort,126.84375,0.015918970108032227
378,1000,2,nmoo,126.84375,0.0009682178497314453
379,1000,2,efficient_non_dominated_sort,126.84375,0.003351926803588867
380,1000,2,fast_non_dominated_sort,126.84375,0.015273809432983398
381,1000,2,nmoo,126.84375,0.0009558200836181641
382,1000,2,efficient_non_dominated_sort,126.84375,0.0034325122833251953
383,1000,2,fast_non_dominated_sort,126.8515625,0.013971805572509766
384,1000,2,nmoo,126.8515625,0.0010166168212890625
385,1000,2,efficient_non_dominated_sort,126.8515625,0.002996206283569336
386,1000,2,fast_non_dominated_sort,126.8515625,0.015043497085571289
387,1000,2,nmoo,126.8515625,0.0009572505950927734
388,1000,2,efficient_non_dominated_sort,126.8515625,0.003228425979614258
389,1000,2,fast_non_dominated_sort,126.8515625,0.013365983963012695
390,1000,3,nmoo,126.8515625,0.014612913131713867
391,1000,3,efficient_non_dominated_sort,126.8515625,0.0019059181213378906
392,1000,3,fast_non_dominated_sort,126.8515625,0.013435125350952148
393,1000,3,nmoo,126.8515625,0.012586593627929688
394,1000,3,efficient_non_dominated_sort,126.8515625,0.0018680095672607422
395,1000,3,fast_non_dominated_sort,126.8515625,0.013089179992675781
396,1000,3,nmoo,126.8515625,0.010842561721801758
397,1000,3,efficient_non_dominated_sort,126.8515625,0.0019385814666748047
398,1000,3,fast_non_dominated_sort,126.8515625,0.013519763946533203
399,1000,3,nmoo,126.8515625,0.008023262023925781
400,1000,3,efficient_non_dominated_sort,126.8515625,0.0025887489318847656
401,1000,3,fast_non_dominated_sort,126.8515625,0.014296293258666992
402,1000,3,nmoo,126.8515625,0.010732412338256836
403,1000,3,efficient_non_dominated_sort,126.8515625,0.001911163330078125
404,1000,3,fast_non_dominated_sort,126.8515625,0.014288663864135742
405,1000,3,nmoo,126.8515625,0.00981593132019043
406,1000,3,efficient_non_dominated_sort,126.8515625,0.0022401809692382812
407,1000,3,fast_non_dominated_sort,126.8515625,0.01419830322265625
408,1000,3,nmoo,126.8515625,0.007431745529174805
409,1000,3,efficient_non_dominated_sort,126.8515625,0.0020904541015625
410,1000,3,fast_non_dominated_sort,126.8515625,0.013345479965209961
411,1000,3,nmoo,126.8515625,0.008783817291259766
412,1000,3,efficient_non_dominated_sort,126.8515625,0.00189971923828125
413,1000,3,fast_non_dominated_sort,126.8515625,0.014779329299926758
414,1000,3,nmoo,126.8515625,0.012258052825927734
415,1000,3,efficient_non_dominated_sort,126.8515625,0.002195119857788086
416,1000,3,fast_non_dominated_sort,126.8515625,0.01331639289855957
417,1000,3,nmoo,126.8515625,0.013904333114624023
418,1000,3,efficient_non_dominated_sort,126.8515625,0.0019218921661376953
419,1000,3,fast_non_dominated_sort,126.8515625,0.013463020324707031
420,1000,4,nmoo,126.8515625,0.016943693161010742
421,1000,4,efficient_non_dominated_sort,126.8515625,0.002587556838989258
422,1000,4,fast_non_dominated_sort,126.8515625,0.014094829559326172
423,1000,4,nmoo,126.8515625,0.0234525203704834
424,1000,4,efficient_non_dominated_sort,126.8515625,0.003149271011352539
425,1000,4,fast_non_dominated_sort,126.8515625,0.014155149459838867
426,1000,4,nmoo,126.8515625,0.025337696075439453
427,1000,4,efficient_non_dominated_sort,126.8515625,0.0022051334381103516
428,1000,4,fast_non_dominated_sort,126.8515625,0.014682292938232422
429,1000,4,nmoo,126.8515625,0.029274702072143555
430,1000,4,efficient_non_dominated_sort,126.8515625,0.002902507781982422
431,1000,4,fast_non_dominated_sort,126.8515625,0.01447749137878418
432,1000,4,nmoo,126.8515625,0.03428244590759277
433,1000,4,efficient_non_dominated_sort,126.8515625,0.002186298370361328
434,1000,4,fast_non_dominated_sort,126.8515625,0.014183282852172852
435,1000,4,nmoo,126.8515625,0.020154237747192383
436,1000,4,efficient_non_dominated_sort,126.8515625,0.0027518272399902344
437,1000,4,fast_non_dominated_sort,126.8515625,0.013009786605834961
438,1000,4,nmoo,126.8515625,0.02220606803894043
439,1000,4,efficient_non_dominated_sort,126.8515625,0.002215147018432617
440,1000,4,fast_non_dominated_sort,126.8515625,0.013220787048339844
441,1000,4,nmoo,126.8515625,0.03629612922668457
442,1000,4,efficient_non_dominated_sort,126.8515625,0.0028913021087646484
443,1000,4,fast_non_dominated_sort,126.8515625,0.014724254608154297
444,1000,4,nmoo,126.8515625,0.023441791534423828
445,1000,4,efficient_non_dominated_sort,126.8515625,0.0022652149200439453
446,1000,4,fast_non_dominated_sort,126.8515625,0.01484537124633789
447,1000,4,nmoo,126.8515625,0.017024755477905273
448,1000,4,efficient_non_dominated_sort,126.8515625,0.002227306365966797
449,1000,4,fast_non_dominated_sort,126.8515625,0.013159990310668945
450,1000,5,nmoo,126.8515625,0.07329511642456055
451,1000,5,efficient_non_dominated_sort,126.8515625,0.0033419132232666016
452,1000,5,fast_non_dominated_sort,126.8515625,0.014255762100219727
453,1000,5,nmoo,126.8515625,0.06460833549499512
454,1000,5,efficient_non_dominated_sort,126.8515625,0.0032799243927001953
455,1000,5,fast_non_dominated_sort,126.8515625,0.014489173889160156
456,1000,5,nmoo,126.8515625,0.07124948501586914
457,1000,5,efficient_non_dominated_sort,126.8515625,0.003238201141357422
458,1000,5,fast_non_dominated_sort,126.8515625,0.012981176376342773
459,1000,5,nmoo,126.8515625,0.058058738708496094
460,1000,5,efficient_non_dominated_sort,126.8515625,0.003425121307373047
461,1000,5,fast_non_dominated_sort,126.8515625,0.013205766677856445
462,1000,5,nmoo,126.8515625,0.045928955078125
463,1000,5,efficient_non_dominated_sort,126.8515625,0.0032606124877929688
464,1000,5,fast_non_dominated_sort,126.8515625,0.01408529281616211
465,1000,5,nmoo,126.8515625,0.0518338680267334
466,1000,5,efficient_non_dominated_sort,126.8515625,0.0032911300659179688
467,1000,5,fast_non_dominated_sort,126.8515625,0.013038873672485352
468,1000,5,nmoo,126.8515625,0.06680059432983398
469,1000,5,efficient_non_dominated_sort,126.8515625,0.0034465789794921875
470,1000,5,fast_non_dominated_sort,126.8515625,0.013854026794433594
471,1000,5,nmoo,126.8515625,0.07324910163879395
472,1000,5,efficient_non_dominated_sort,126.8515625,0.003326416015625
473,1000,5,fast_non_dominated_sort,126.8515625,0.013834953308105469
474,1000,5,nmoo,126.8515625,0.05384969711303711
475,1000,5,efficient_non_dominated_sort,126.8515625,0.0035042762756347656
476,1000,5,fast_non_dominated_sort,126.8515625,0.01398468017578125
477,1000,5,nmoo,126.8515625,0.0730893611907959
478,1000,5,efficient_non_dominated_sort,126.8515625,0.0032546520233154297
479,1000,5,fast_non_dominated_sort,126.8515625,0.013016939163208008
480,1000,6,nmoo,126.8515625,0.13324570655822754
481,1000,6,efficient_non_dominated_sort,126.8515625,0.0041463375091552734
482,1000,6,fast_non_dominated_sort,126.8515625,0.012820005416870117
483,1000,6,nmoo,126.8515625,0.1583850383758545
484,1000,6,efficient_non_dominated_sort,126.8515625,0.003982067108154297
485,1000,6,fast_non_dominated_sort,126.8515625,0.011291742324829102
486,1000,6,nmoo,126.8515625,0.07330727577209473
487,1000,6,efficient_non_dominated_sort,126.8515625,0.003650188446044922
488,1000,6,fast_non_dominated_sort,126.8515625,0.010216474533081055
489,1000,6,nmoo,126.8515625,0.07507610321044922
490,1000,6,efficient_non_dominated_sort,126.8515625,0.003911256790161133
491,1000,6,fast_non_dominated_sort,126.8515625,0.011365890502929688
492,1000,6,nmoo,126.85546875,0.08606505393981934
493,1000,6,efficient_non_dominated_sort,126.85546875,0.004214763641357422
494,1000,6,fast_non_dominated_sort,126.85546875,0.011126279830932617
495,1000,6,nmoo,126.85546875,0.11189770698547363
496,1000,6,efficient_non_dominated_sort,126.85546875,0.0037851333618164062
497,1000,6,fast_non_dominated_sort,126.85546875,0.010768890380859375
498,1000,6,nmoo,126.85546875,0.09296536445617676
499,1000,6,efficient_non_dominated_sort,126.85546875,0.004233360290527344
500,1000,6,fast_non_dominated_sort,126.85546875,0.011581897735595703
501,1000,6,nmoo,126.85546875,0.11823606491088867
502,1000,6,efficient_non_dominated_sort,126.85546875,0.0036039352416992188
503,1000,6,fast_non_dominated_sort,126.85546875,0.010170459747314453
504,1000,6,nmoo,126.85546875,0.10413646697998047
505,1000,6,efficient_non_dominated_sort,126.85546875,0.003718137741088867
506,1000,6,fast_non_dominated_sort,126.85546875,0.012432336807250977
507,1000,6,nmoo,126.85546875,0.09387779235839844
508,1000,6,efficient_non_dominated_sort,126.85546875,0.0041828155517578125
509,1000,6,fast_non_dominated_sort,126.85546875,0.011200666427612305
510,1000,7,nmoo,126.85546875,0.13030409812927246
511,1000,7,efficient_non_dominated_sort,126.85546875,0.004421234130859375
512,1000,7,fast_non_dominated_sort,126.85546875,0.011383533477783203
513,1000,7,nmoo,126.85546875,0.1966416835784912
514,1000,7,efficient_non_dominated_sort,126.85546875,0.004622220993041992
515,1000,7,fast_non_dominated_sort,126.85546875,0.010206460952758789
516,1000,7,nmoo,126.85546875,0.16994023323059082
517,1000,7,efficient_non_dominated_sort,126.85546875,0.004651308059692383
518,1000,7,fast_non_dominated_sort,126.859375,0.011512279510498047
519,1000,7,nmoo,126.859375,0.18564152717590332
520,1000,7,efficient_non_dominated_sort,126.859375,0.004616498947143555
521,1000,7,fast_non_dominated_sort,126.859375,0.010111570358276367
522,1000,7,nmoo,126.859375,0.16431379318237305
523,1000,7,efficient_non_dominated_sort,126.859375,0.0047953128814697266
524,1000,7,fast_non_dominated_sort,126.859375,0.010852575302124023
525,1000,7,nmoo,126.859375,0.18729925155639648
526,1000,7,efficient_non_dominated_sort,126.859375,0.004369497299194336
527,1000,7,fast_non_dominated_sort,126.859375,0.01042628288269043
528,1000,7,nmoo,126.859375,0.17340946197509766
529,1000,7,efficient_non_dominated_sort,126.859375,0.004621267318725586
530,1000,7,fast_non_dominated_sort,126.859375,0.012422323226928711
531,1000,7,nmoo,126.859375,0.14335107803344727
532,1000,7,efficient_non_dominated_sort,126.859375,0.00454401969909668
533,1000,7,fast_non_dominated_sort,126.859375,0.011790275573730469
534,1000,7,nmoo,126.859375,0.1958773136138916
535,1000,7,efficient_non_dominated_sort,126.859375,0.004920005798339844
536,1000,7,fast_non_dominated_sort,126.859375,0.010956048965454102
537,1000,7,nmoo,126.859375,0.13623261451721191
538,1000,7,efficient_non_dominated_sort,126.859375,0.004529237747192383
539,1000,7,fast_non_dominated_sort,126.859375,0.011915922164916992
540,5000,2,nmoo,126.859375,0.004519939422607422
541,5000,2,efficient_non_dominated_sort,127.0390625,0.020476341247558594
542,5000,2,fast_non_dominated_sort,230.3671875,0.20267009735107422
543,5000,2,nmoo,222.75390625,0.005369901657104492
544,5000,2,efficient_non_dominated_sort,222.7578125,0.022747516632080078
545,5000,2,fast_non_dominated_sort,251.67578125,0.20934653282165527
546,5000,2,nmoo,222.9140625,0.00559234619140625
547,5000,2,efficient_non_dominated_sort,219.23046875,0.021153926849365234
548,5000,2,fast_non_dominated_sort,251.5,0.20986294746398926
549,5000,2,nmoo,225.4453125,0.005171537399291992
550,5000,2,efficient_non_dominated_sort,221.7578125,0.022233009338378906
551,5000,2,fast_non_dominated_sort,252.22265625,0.20955109596252441
552,5000,2,nmoo,225.97265625,0.003258228302001953
553,5000,2,efficient_non_dominated_sort,225.97265625,0.02153754234313965
554,5000,2,fast_non_dominated_sort,252.20703125,0.21023035049438477
555,5000,2,nmoo,223.9765625,0.004324436187744141
556,5000,2,efficient_non_dominated_sort,223.9765625,0.021975040435791016
557,5000,2,fast_non_dominated_sort,252.1640625,0.21004533767700195
558,5000,2,nmoo,222.6484375,0.004719257354736328
559,5000,2,efficient_non_dominated_sort,222.6484375,0.02179265022277832
560,5000,2,fast_non_dominated_sort,251.140625,0.20989179611206055
561,5000,2,nmoo,222.6328125,0.004130363464355469
562,5000,2,efficient_non_dominated_sort,222.640625,0.022595643997192383
563,5000,2,fast_non_dominated_sort,251.97265625,0.2100834846496582
564,5000,2,nmoo,221.8203125,0.004064083099365234
565,5000,2,efficient_non_dominated_sort,221.8203125,0.022531986236572266
566,5000,2,fast_non_dominated_sort,252.30078125,0.21056866645812988
567,5000,2,nmoo,223.45703125,0.003939390182495117
568,5000,2,efficient_non_dominated_sort,223.45703125,0.019977092742919922
569,5000,2,fast_non_dominated_sort,251.8125,0.20984315872192383
570,5000,3,nmoo,223.1015625,0.05958819389343262
571,5000,3,efficient_non_dominated_sort,223.1015625,0.011638402938842773
572,5000,3,fast_non_dominated_sort,234.51953125,0.2161252498626709
573,5000,3,nmoo,223.625,0.05246686935424805
574,5000,3,efficient_non_dominated_sort,223.625,0.012599706649780273
575,5000,3,fast_non_dominated_sort,234.078125,0.21186590194702148
576,5000,3,nmoo,223.74609375,0.03836631774902344
577,5000,3,efficient_non_dominated_sort,223.74609375,0.013373136520385742
578,5000,3,fast_non_dominated_sort,234.23046875,0.21729516983032227
579,5000,3,nmoo,222.03125,0.07439446449279785
580,5000,3,efficient_non_dominated_sort,222.03125,0.013109445571899414
581,5000,3,fast_non_dominated_sort,234.13671875,0.21692776679992676
582,5000,3,nmoo,221.8203125,0.03626084327697754
583,5000,3,efficient_non_dominated_sort,221.8203125,0.012505054473876953
584,5000,3,fast_non_dominated_sort,234.03125,0.21689939498901367
585,5000,3,nmoo,223.359375,0.061070919036865234
586,5000,3,efficient_non_dominated_sort,223.359375,0.013613224029541016
587,5000,3,fast_non_dominated_sort,234.18359375,0.2174973487854004
588,5000,3,nmoo,223.29296875,0.039556026458740234
589,5000,3,efficient_non_dominated_sort,223.29296875,0.012032747268676758
590,5000,3,fast_non_dominated_sort,234.42578125,0.21516013145446777
591,5000,3,nmoo,221.8203125,0.06605172157287598
592,5000,3,efficient_non_dominated_sort,221.8203125,0.011814355850219727
593,5000,3,fast_non_dominated_sort,234.25390625,0.21697211265563965
594,5000,3,nmoo,222.7421875,0.0745849609375
595,5000,3,efficient_non_dominated_sort,222.7421875,0.012359142303466797
596,5000,3,fast_non_dominated_sort,234.1875,0.21696972846984863
597,5000,3,nmoo,221.8203125,0.05875658988952637
598,5000,3,efficient_non_dominated_sort,221.8203125,0.011072635650634766
599,5000,3,fast_non_dominated_sort,234.34765625,0.2142961025238037
600,5000,4,nmoo,222.32421875,0.12280607223510742
601,5000,4,efficient_non_dominated_sort,222.32421875,0.017130613327026367
602,5000,4,fast_non_dominated_sort,225.9140625,0.21831226348876953
603,5000,4,nmoo,221.91015625,0.15128588676452637
604,5000,4,efficient_non_dominated_sort,221.91015625,0.017498493194580078
605,5000,4,fast_non_dominated_sort,225.94921875,0.21758174896240234
606,5000,4,nmoo,221.8203125,0.17315053939819336
607,5000,4,efficient_non_dominated_sort,221.8203125,0.01757073402404785
608,5000,4,fast_non_dominated_sort,226.06640625,0.21860003471374512
609,5000,4,nmoo,221.8203125,0.1354970932006836
610,5000,4,efficient_non_dominated_sort,221.8203125,0.01952528953552246
611,5000,4,fast_non_dominated_sort,225.89453125,0.21905159950256348
612,5000,4,nmoo,223.51171875,0.15700006484985352
613,5000,4,efficient_non_dominated_sort,223.51171875,0.018024682998657227
614,5000,4,fast_non_dominated_sort,226.01953125,0.21832990646362305
615,5000,4,nmoo,224.5390625,0.11798501014709473
616,5000,4,efficient_non_dominated_sort,224.5390625,0.018525123596191406
617,5000,4,fast_non_dominated_sort,225.8984375,0.21844935417175293
618,5000,4,nmoo,221.8203125,0.1116795539855957
619,5000,4,efficient_non_dominated_sort,221.8203125,0.017326831817626953
620,5000,4,fast_non_dominated_sort,225.78125,0.2179572582244873
621,5000,4,nmoo,223.08984375,0.14946651458740234
622,5000,4,efficient_non_dominated_sort,223.08984375,0.01681828498840332
623,5000,4,fast_non_dominated_sort,225.71484375,0.21837568283081055
624,5000,4,nmoo,224.1484375,0.14818525314331055
625,5000,4,efficient_non_dominated_sort,224.1484375,0.019407033920288086
626,5000,4,fast_non_dominated_sort,226.109375,0.21904611587524414
627,5000,4,nmoo,221.8203125,0.11431717872619629
628,5000,4,efficient_non_dominated_sort,221.8203125,0.01753830909729004
629,5000,4,fast_non_dominated_sort,225.80078125,0.21746325492858887
630,5000,5,nmoo,224.2890625,0.43355464935302734
631,5000,5,efficient_non_dominated_sort,224.2890625,0.027526140213012695
632,5000,5,fast_non_dominated_sort,224.29296875,0.21945524215698242
633,5000,5,nmoo,224.29296875,0.3206808567047119
634,5000,5,efficient_non_dominated_sort,224.29296875,0.027146100997924805
635,5000,5,fast_non_dominated_sort,224.296875,0.22154879570007324
636,5000,5,nmoo,221.8203125,0.27632927894592285
637,5000,5,efficient_non_dominated_sort,221.8203125,0.02543020248413086
638,5000,5,fast_non_dominated_sort,222.265625,0.21869969367980957
639,5000,5,nmoo,222.265625,0.4108002185821533
640,5000,5,efficient_non_dominated_sort,222.265625,0.025269508361816406
641,5000,5,fast_non_dominated_sort,222.26953125,0.22007155418395996
642,5000,5,nmoo,222.26953125,0.4676227569580078
643,5000,5,efficient_non_dominated_sort,222.26953125,0.026175260543823242
644,5000,5,fast_non_dominated_sort,222.65625,0.2204113006591797
645,5000,5,nmoo,222.65625,0.2017824649810791
646,5000,5,efficient_non_dominated_sort,222.65625,0.027309179306030273
647,5000,5,fast_non_dominated_sort,222.65625,0.2176494598388672
648,5000,5,nmoo,222.65625,0.35157036781311035
649,5000,5,efficient_non_dominated_sort,222.65625,0.027454137802124023
650,5000,5,fast_non_dominated_sort,222.65625,0.21862316131591797
651,5000,5,nmoo,222.65625,0.3251981735229492
652,5000,5,efficient_non_dominated_sort,222.65625,0.026666879653930664
653,5000,5,fast_non_dominated_sort,222.6640625,0.21896076202392578
654,5000,5,nmoo,222.6640625,0.17481517791748047
655,5000,5,efficient_non_dominated_sort,222.6640625,0.02728724479675293
656,5000,5,fast_non_dominated_sort,222.6640625,0.2182161808013916
657,5000,5,nmoo,222.6640625,0.35793232917785645
658,5000,5,efficient_non_dominated_sort,222.6640625,0.026496410369873047
659,5000,5,fast_non_dominated_sort,222.6640625,0.21873998641967773
660,5000,6,nmoo,222.6640625,0.5695552825927734
661,5000,6,efficient_non_dominated_sort,222.6640625,0.03726387023925781
662,5000,6,fast_non_dominated_sort,222.6640625,0.21945810317993164
663,5000,6,nmoo,222.6640625,0.8822877407073975
664,5000,6,efficient_non_dominated_sort,222.6640625,0.03695988655090332
665,5000,6,fast_non_dominated_sort,222.6640625,0.2184133529663086
666,5000,6,nmoo,222.6640625,0.7816088199615479
667,5000,6,efficient_non_dominated_sort,222.6640625,0.03710007667541504
668,5000,6,fast_non_dominated_sort,222.6640625,0.21938610076904297
669,5000,6,nmoo,222.6640625,0.8221328258514404
670,5000,6,efficient_non_dominated_sort,222.6640625,0.03693032264709473
671,5000,6,fast_non_dominated_sort,222.6640625,0.22011423110961914
672,5000,6,nmoo,222.6640625,0.975318193435669
673,5000,6,efficient_non_dominated_sort,222.6640625,0.03520846366882324
674,5000,6,fast_non_dominated_sort,222.6640625,0.21961498260498047
675,5000,6,nmoo,222.6640625,0.6206698417663574
676,5000,6,efficient_non_dominated_sort,222.6640625,0.036252498626708984
677,5000,6,fast_non_dominated_sort,222.6640625,0.2180471420288086
678,5000,6,nmoo,222.6640625,0.8248071670532227
679,5000,6,efficient_non_dominated_sort,222.6640625,0.038247108459472656
680,5000,6,fast_non_dominated_sort,222.6640625,0.21933412551879883
681,5000,6,nmoo,222.6640625,1.005497694015503
682,5000,6,efficient_non_dominated_sort,222.6640625,0.03694415092468262
683,5000,6,fast_non_dominated_sort,222.6640625,0.21991658210754395
684,5000,6,nmoo,222.6640625,0.7409403324127197
685,5000,6,efficient_non_dominated_sort,222.6640625,0.037581443786621094
686,5000,6,fast_non_dominated_sort,222.6640625,0.2192232608795166
687,5000,6,nmoo,222.6640625,0.9053497314453125
688,5000,6,efficient_non_dominated_sort,222.6640625,0.03384542465209961
689,5000,6,fast_non_dominated_sort,222.6640625,0.22101354598999023
690,5000,7,nmoo,222.6640625,1.3982813358306885
691,5000,7,efficient_non_dominated_sort,222.6640625,0.04501605033874512
692,5000,7,fast_non_dominated_sort,222.6640625,0.22135114669799805
693,5000,7,nmoo,222.6640625,1.7202537059783936
694,5000,7,efficient_non_dominated_sort,222.6640625,0.04428386688232422
695,5000,7,fast_non_dominated_sort,222.6640625,0.2187497615814209
696,5000,7,nmoo,222.6640625,1.4114329814910889
697,5000,7,efficient_non_dominated_sort,222.6640625,0.04859495162963867
698,5000,7,fast_non_dominated_sort,222.6640625,0.2187035083770752
699,5000,7,nmoo,222.6640625,1.5524961948394775
700,5000,7,efficient_non_dominated_sort,222.6640625,0.043662071228027344
701,5000,7,fast_non_dominated_sort,222.6640625,0.22069954872131348
702,5000,7,nmoo,222.6640625,1.3109683990478516
703,5000,7,efficient_non_dominated_sort,222.6640625,0.04759049415588379
704,5000,7,fast_non_dominated_sort,222.6640625,0.2211472988128662
705,5000,7,nmoo,222.6640625,1.4047605991363525
706,5000,7,efficient_non_dominated_sort,222.6640625,0.04801225662231445
707,5000,7,fast_non_dominated_sort,222.6640625,0.21936535835266113
708,5000,7,nmoo,222.6640625,1.7327651977539062
709,5000,7,efficient_non_dominated_sort,222.6640625,0.04562807083129883
710,5000,7,fast_non_dominated_sort,222.6640625,0.21963739395141602
711,5000,7,nmoo,222.6640625,1.654566764831543
712,5000,7,efficient_non_dominated_sort,222.6640625,0.0453338623046875
713,5000,7,fast_non_dominated_sort,222.6640625,0.2193615436553955
714,5000,7,nmoo,222.6640625,1.3423409461975098
715,5000,7,efficient_non_dominated_sort,222.6640625,0.0470881462097168
716,5000,7,fast_non_dominated_sort,222.6640625,0.21868467330932617
717,5000,7,nmoo,222.6640625,1.506852388381958
718,5000,7,efficient_non_dominated_sort,222.6640625,0.04551386833190918
719,5000,7,fast_non_dominated_sort,222.6640625,0.21952033042907715
720,10000,2,nmoo,222.6640625,0.007331371307373047
721,10000,2,efficient_non_dominated_sort,222.828125,0.05645561218261719
722,10000,2,fast_non_dominated_sort,621.4921875,0.8019373416900635
723,10000,2,nmoo,513.2890625,0.009358882904052734
724,10000,2,efficient_non_dominated_sort,513.30078125,0.058480262756347656
725,10000,2,fast_non_dominated_sort,635.32421875,0.8233318328857422
726,10000,2,nmoo,513.81640625,0.009327888488769531
727,10000,2,efficient_non_dominated_sort,513.81640625,0.05750584602355957
728,10000,2,fast_non_dominated_sort,633.46875,0.8220651149749756
729,10000,2,nmoo,519.6015625,0.008975505828857422
730,10000,2,efficient_non_dominated_sort,515.64453125,0.056268930435180664
731,10000,2,fast_non_dominated_sort,633.21484375,0.8201050758361816
732,10000,2,nmoo,532.98046875,0.00898885726928711
733,10000,2,efficient_non_dominated_sort,509.19140625,0.05686354637145996
734,10000,2,fast_non_dominated_sort,633.58984375,0.8179049491882324
735,10000,2,nmoo,518.71875,0.009283304214477539
736,10000,2,efficient_non_dominated_sort,511.82421875,0.05784010887145996
737,10000,2,fast_non_dominated_sort,633.41015625,0.8216814994812012
738,10000,2,nmoo,516.2578125,0.009077787399291992
739,10000,2,efficient_non_dominated_sort,516.2578125,0.05625200271606445
740,10000,2,fast_non_dominated_sort,631.41796875,0.8200500011444092
741,10000,2,nmoo,515.2109375,0.009559869766235352
742,10000,2,efficient_non_dominated_sort,515.2109375,0.056611061096191406
743,10000,2,fast_non_dominated_sort,634.4609375,0.8243587017059326
744,10000,2,nmoo,517.29296875,0.008938074111938477
745,10000,2,efficient_non_dominated_sort,506.87109375,0.05558943748474121
746,10000,2,fast_non_dominated_sort,633.890625,0.8206748962402344
747,10000,2,nmoo,527.0546875,0.009131908416748047
748,10000,2,efficient_non_dominated_sort,512.34375,0.05740714073181152
749,10000,2,fast_non_dominated_sort,634.4140625,0.8222095966339111
750,10000,3,nmoo,515.25,0.10192346572875977
751,10000,3,efficient_non_dominated_sort,512.87109375,0.034570932388305664
752,10000,3,fast_non_dominated_sort,569.65234375,0.8370041847229004
753,10000,3,nmoo,511.71875,0.08715176582336426
754,10000,3,efficient_non_dominated_sort,511.71875,0.033892154693603516
755,10000,3,fast_non_dominated_sort,571.0625,0.8369507789611816
756,10000,3,nmoo,516.1484375,0.08740353584289551
757,10000,3,efficient_non_dominated_sort,516.1484375,0.034093618392944336
758,10000,3,fast_non_dominated_sort,568.59765625,0.8385248184204102
759,10000,3,nmoo,514.0703125,0.1557013988494873
760,10000,3,efficient_non_dominated_sort,514.0703125,0.03403353691101074
761,10000,3,fast_non_dominated_sort,569.31640625,0.837073564529419
762,10000,3,nmoo,513.015625,0.0856637954711914
763,10000,3,efficient_non_dominated_sort,513.015625,0.031939029693603516
764,10000,3,fast_non_dominated_sort,569.3125,0.8368194103240967
765,10000,3,nmoo,513.22265625,0.10363364219665527
766,10000,3,efficient_non_dominated_sort,513.22265625,0.0342402458190918
767,10000,3,fast_non_dominated_sort,570.21875,0.8333280086517334
768,10000,3,nmoo,512.7734375,0.09789824485778809
769,10000,3,efficient_non_dominated_sort,512.7734375,0.03435206413269043
770,10000,3,fast_non_dominated_sort,569.42578125,0.836524248123169
771,10000,3,nmoo,511.71875,0.14213943481445312
772,10000,3,efficient_non_dominated_sort,511.71875,0.03263401985168457
773,10000,3,fast_non_dominated_sort,568.734375,0.8328037261962891
774,10000,3,nmoo,513.92578125,0.0904531478881836
775,10000,3,efficient_non_dominated_sort,513.92578125,0.03339862823486328
776,10000,3,fast_non_dominated_sort,570.2421875,0.834998369216919
777,10000,3,nmoo,511.9296875,0.10843253135681152
778,10000,3,efficient_non_dominated_sort,511.9296875,0.03410935401916504
779,10000,3,fast_non_dominated_sort,570.9765625,0.8360772132873535
780,10000,4,nmoo,511.71875,0.3144392967224121
781,10000,4,efficient_non_dominated_sort,511.71875,0.049828529357910156
782,10000,4,fast_non_dominated_sort,537.84375,0.8423020839691162
783,10000,4,nmoo,520.52734375,0.29719996452331543
784,10000,4,efficient_non_dominated_sort,520.52734375,0.050725460052490234
785,10000,4,fast_non_dominated_sort,537.15234375,0.8452737331390381
786,10000,4,nmoo,511.71875,0.3099050521850586
787,10000,4,efficient_non_dominated_sort,511.71875,0.05106830596923828
788,10000,4,fast_non_dominated_sort,537.26171875,0.8447964191436768
789,10000,4,nmoo,513.171875,0.24418377876281738
790,10000,4,efficient_non_dominated_sort,513.171875,0.0503389835357666
791,10000,4,fast_non_dominated_sort,537.1796875,0.8423469066619873
792,10000,4,nmoo,513.2265625,0.3862190246582031
793,10000,4,efficient_non_dominated_sort,513.2265625,0.05190777778625488
794,10000,4,fast_non_dominated_sort,537.6796875,0.8435275554656982
795,10000,4,nmoo,521.04296875,0.337144136428833
796,10000,4,efficient_non_dominated_sort,521.04296875,0.049343109130859375
797,10000,4,fast_non_dominated_sort,537.16796875,0.8462111949920654
798,10000,4,nmoo,511.71875,0.3412811756134033
799,10000,4,efficient_non_dominated_sort,511.71875,0.05054974555969238
800,10000,4,fast_non_dominated_sort,536.6796875,0.8412044048309326
801,10000,4,nmoo,514.72265625,0.28369569778442383
802,10000,4,efficient_non_dominated_sort,514.72265625,0.0498347282409668
803,10000,4,fast_non_dominated_sort,537.21875,0.8470463752746582
804,10000,4,nmoo,514.86328125,0.27408814430236816
805,10000,4,efficient_non_dominated_sort,514.86328125,0.05181431770324707
806,10000,4,fast_non_dominated_sort,537.625,0.8470256328582764
807,10000,4,nmoo,513.21875,0.264620304107666
808,10000,4,efficient_non_dominated_sort,513.21875,0.05410051345825195
809,10000,4,fast_non_dominated_sort,537.01171875,0.8445727825164795
810,10000,5,nmoo,514.19140625,0.7998735904693604
811,10000,5,efficient_non_dominated_sort,514.19140625,0.0801706314086914
812,10000,5,fast_non_dominated_sort,521.44921875,0.8460042476654053
813,10000,5,nmoo,515.8828125,0.8724520206451416
814,10000,5,efficient_non_dominated_sort,515.8828125,0.07573795318603516
815,10000,5,fast_non_dominated_sort,521.4140625,0.8483772277832031
816,10000,5,nmoo,515.9375,0.8374860286712646
817,10000,5,efficient_non_dominated_sort,515.9375,0.07651805877685547
818,10000,5,fast_non_dominated_sort,521.62109375,0.8502278327941895
819,10000,5,nmoo,517.78125,0.9267888069152832
820,10000,5,efficient_non_dominated_sort,517.78125,0.0780632495880127
821,10000,5,fast_non_dominated_sort,521.48828125,0.8475468158721924
822,10000,5,nmoo,515.9375,0.8619613647460938
823,10000,5,efficient_non_dominated_sort,515.9375,0.07550501823425293
824,10000,5,fast_non_dominated_sort,521.23828125,0.8496949672698975
825,10000,5,nmoo,511.71875,0.856410026550293
826,10000,5,efficient_non_dominated_sort,511.71875,0.07947254180908203
827,10000,5,fast_non_dominated_sort,521.4765625,0.8462085723876953
828,10000,5,nmoo,512.81640625,0.5343315601348877
829,10000,5,efficient_non_dominated_sort,512.81640625,0.07684826850891113
830,10000,5,fast_non_dominated_sort,521.5703125,0.8483946323394775
831,10000,5,nmoo,512.83984375,0.7294034957885742
832,10000,5,efficient_non_dominated_sort,512.83984375,0.08017683029174805
833,10000,5,fast_non_dominated_sort,521.4921875,0.851029634475708
834,10000,5,nmoo,513.12890625,0.8469686508178711
835,10000,5,efficient_non_dominated_sort,513.12890625,0.07985925674438477
836,10000,5,fast_non_dominated_sort,521.30859375,0.849113941192627
837,10000,5,nmoo,513.13671875,0.8108701705932617
838,10000,5,efficient_non_dominated_sort,513.13671875,0.07863497734069824
839,10000,5,fast_non_dominated_sort,521.87109375,0.8511364459991455
840,10000,6,nmoo,513.1484375,1.7962443828582764
841,10000,6,efficient_non_dominated_sort,513.1484375,0.10268974304199219
842,10000,6,fast_non_dominated_sort,513.5625,0.8519327640533447
843,10000,6,nmoo,511.71875,2.172276020050049
844,10000,6,efficient_non_dominated_sort,511.71875,0.10789322853088379
845,10000,6,fast_non_dominated_sort,513.90625,0.8553693294525146
846,10000,6,nmoo,512.4453125,2.5707733631134033
847,10000,6,efficient_non_dominated_sort,512.4453125,0.10976958274841309
848,10000,6,fast_non_dominated_sort,513.15625,0.8511779308319092
849,10000,6,nmoo,511.71875,1.7676589488983154
850,10000,6,efficient_non_dominated_sort,511.71875,0.10982704162597656
851,10000,6,fast_non_dominated_sort,513.9765625,0.852327823638916
852,10000,6,nmoo,513.9765625,1.758291482925415
853,10000,6,efficient_non_dominated_sort,513.9765625,0.10668253898620605
854,10000,6,fast_non_dominated_sort,514.04296875,0.8503298759460449
855,10000,6,nmoo,511.71875,2.3948562145233154
856,10000,6,efficient_non_dominated_sort,511.71875,0.10878109931945801
857,10000,6,fast_non_dominated_sort,513.8125,0.8534820079803467
858,10000,6,nmoo,511.71875,1.8722424507141113
859,10000,6,efficient_non_dominated_sort,511.71875,0.11458039283752441
860,10000,6,fast_non_dominated_sort,513.28125,0.8539102077484131
861,10000,6,nmoo,511.71875,1.8522920608520508
862,10000,6,efficient_non_dominated_sort,511.71875,0.10907983779907227
863,10000,6,fast_non_dominated_sort,513.36328125,0.8513360023498535
864,10000,6,nmoo,511.71875,2.2030751705169678
865,10000,6,efficient_non_dominated_sort,511.71875,0.11259746551513672
866,10000,6,fast_non_dominated_sort,514.0078125,0.8495194911956787
867,10000,6,nmoo,514.0078125,1.7963368892669678
868,10000,6,efficient_non_dominated_sort,514.0078125,0.11516976356506348
869,10000,6,fast_non_dominated_sort,514.07421875,0.8528201580047607
870,10000,7,nmoo,514.07421875,4.140395402908325
871,10000,7,efficient_non_dominated_sort,514.07421875,0.14562726020812988
872,10000,7,fast_non_dominated_sort,514.07421875,0.8544528484344482
873,10000,7,nmoo,514.07421875,4.339115619659424
874,10000,7,efficient_non_dominated_sort,514.07421875,0.14666104316711426
875,10000,7,fast_non_dominated_sort,514.07421875,0.8489160537719727
876,10000,7,nmoo,511.71875,3.6076409816741943
877,10000,7,efficient_non_dominated_sort,511.71875,0.1515345573425293
878,10000,7,fast_non_dominated_sort,511.71875,0.8554379940032959
879,10000,7,nmoo,511.71875,3.717007637023926
880,10000,7,efficient_non_dominated_sort,511.71875,0.14422249794006348
881,10000,7,fast_non_dominated_sort,511.71875,0.8522322177886963
882,10000,7,nmoo,511.71875,3.0516908168792725
883,10000,7,efficient_non_dominated_sort,511.71875,0.14278197288513184
884,10000,7,fast_non_dominated_sort,511.71875,0.8555841445922852
885,10000,7,nmoo,511.71875,2.908111572265625
886,10000,7,efficient_non_dominated_sort,511.71875,0.14880681037902832
887,10000,7,fast_non_dominated_sort,511.71875,0.8518471717834473
888,10000,7,nmoo,511.71875,4.13996148109436
889,10000,7,efficient_non_dominated_sort,511.71875,0.1433396339416504
890,10000,7,fast_non_dominated_sort,511.71875,0.8505511283874512
891,10000,7,nmoo,511.71875,5.049062967300415
892,10000,7,efficient_non_dominated_sort,511.71875,0.15432310104370117
893,10000,7,fast_non_dominated_sort,511.71875,0.8556277751922607
894,10000,7,nmoo,511.71875,3.8194568157196045
895,10000,7,efficient_non_dominated_sort,511.71875,0.14872336387634277
896,10000,7,fast_non_dominated_sort,511.71875,0.8531763553619385
897,10000,7,nmoo,511.71875,4.362342119216919
898,10000,7,efficient_non_dominated_sort,511.71875,0.14480352401733398
899,10000,7,fast_non_dominated_sort,511.71875,0.8475096225738525
900,50000,2,nmoo,511.71875,0.035155296325683594
901,50000,2,efficient_non_dominated_sort,511.71875,0.6549570560455322
902,50000,2,fast_non_dominated_sort,12664.16796875,21.15915846824646
903,50000,2,nmoo,9935.71875,0.03298473358154297
904,50000,2,efficient_non_dominated_sort,9935.71875,0.643975019454956
905,50000,2,fast_non_dominated_sort,12658.30078125,21.875222206115723
906,50000,2,nmoo,9934.03515625,0.03235912322998047
907,50000,2,efficient_non_dominated_sort,9934.03515625,0.6501681804656982
908,50000,2,fast_non_dominated_sort,12633.66796875,21.827040433883667
909,50000,2,nmoo,9970.265625,0.03185606002807617
910,50000,2,efficient_non_dominated_sort,9970.265625,0.6614646911621094
911,50000,2,fast_non_dominated_sort,12666.63671875,21.841233730316162
912,50000,2,nmoo,9974.15234375,0.0321652889251709
913,50000,2,efficient_non_dominated_sort,9974.15234375,0.6763401031494141
914,50000,2,fast_non_dominated_sort,12646.66796875,21.839237928390503
915,50000,2,nmoo,10140.50390625,0.03145289421081543
916,50000,2,efficient_non_dominated_sort,10140.50390625,0.6500182151794434
917,50000,2,fast_non_dominated_sort,12673.359375,21.910078287124634
918,50000,2,nmoo,9950.1640625,0.031219005584716797
919,50000,2,efficient_non_dominated_sort,9950.1640625,0.6518340110778809
920,50000,2,fast_non_dominated_sort,12656.82421875,21.835952758789062
921,50000,2,nmoo,10251.08203125,0.031183481216430664
922,50000,2,efficient_non_dominated_sort,10251.08203125,0.652717113494873
923,50000,2,fast_non_dominated_sort,12670.171875,21.88929557800293
924,50000,2,nmoo,9791.35546875,0.03120565414428711
925,50000,2,efficient_non_dominated_sort,9791.35546875,0.6591687202453613
926,50000,2,fast_non_dominated_sort,12655.48828125,21.837498664855957
927,50000,2,nmoo,9874.68359375,0.03322458267211914
928,50000,2,efficient_non_dominated_sort,9874.68359375,0.6722249984741211
929,50000,2,fast_non_dominated_sort,12648.65234375,21.866650342941284
930,50000,3,nmoo,9808.60546875,0.655386209487915
931,50000,3,efficient_non_dominated_sort,9808.60546875,0.44881629943847656
932,50000,3,fast_non_dominated_sort,11172.75,21.31137490272522
933,50000,3,nmoo,9806.65234375,0.587928295135498
934,50000,3,efficient_non_dominated_sort,9806.65234375,0.4533538818359375
935,50000,3,fast_non_dominated_sort,11168.1640625,21.30578875541687
936,50000,3,nmoo,9806.65234375,0.32521629333496094
937,50000,3,efficient_non_dominated_sort,9806.65234375,0.4514784812927246
938,50000,3,fast_non_dominated_sort,11169.73828125,21.308985233306885
939,50000,3,nmoo,9806.65234375,0.6576423645019531
940,50000,3,efficient_non_dominated_sort,9806.65234375,0.4464716911315918
941,50000,3,fast_non_dominated_sort,11185.234375,21.345441102981567
942,50000,3,nmoo,9806.65234375,0.5585956573486328
943,50000,3,efficient_non_dominated_sort,9806.65234375,0.45263242721557617
944,50000,3,fast_non_dominated_sort,11160.8671875,21.25004768371582
945,50000,3,nmoo,9806.65234375,0.7114732265472412
946,50000,3,efficient_non_dominated_sort,9806.65234375,0.4478292465209961
947,50000,3,fast_non_dominated_sort,11176.65234375,21.278683185577393
948,50000,3,nmoo,9806.65234375,0.6656672954559326
949,50000,3,efficient_non_dominated_sort,9806.65234375,0.45075130462646484
950,50000,3,fast_non_dominated_sort,11180.29296875,21.325432300567627
951,50000,3,nmoo,9806.65234375,0.8816566467285156
952,50000,3,efficient_non_dominated_sort,9806.65234375,0.45124292373657227
953,50000,3,fast_non_dominated_sort,11174.5703125,21.266597747802734
954,50000,3,nmoo,9806.65234375,0.723468542098999
955,50000,3,efficient_non_dominated_sort,9806.65234375,0.454484224319458
956,50000,3,fast_non_dominated_sort,11158.98046875,21.241501331329346
957,50000,3,nmoo,9806.4921875,0.5794551372528076
958,50000,3,efficient_non_dominated_sort,9806.4921875,0.4566318988800049
959,50000,3,fast_non_dominated_sort,11165.77734375,21.297450304031372
960,50000,4,nmoo,9799.046875,1.7541594505310059
961,50000,4,efficient_non_dominated_sort,9799.046875,0.7700340747833252
962,50000,4,fast_non_dominated_sort,10429.79296875,21.2336745262146
963,50000,4,nmoo,9799.046875,2.3675668239593506
964,50000,4,efficient_non_dominated_sort,9799.046875,0.7915694713592529
965,50000,4,fast_non_dominated_sort,10437.11328125,21.292109727859497
966,50000,4,nmoo,9799.046875,2.252354145050049
967,50000,4,efficient_non_dominated_sort,9799.046875,0.7514321804046631
968,50000,4,fast_non_dominated_sort,10436.50390625,21.211944580078125
969,50000,4,nmoo,9799.046875,1.7598252296447754
970,50000,4,efficient_non_dominated_sort,9799.046875,0.771336555480957
971,50000,4,fast_non_dominated_sort,10432.8046875,21.206462860107422
972,50000,4,nmoo,9799.046875,1.870481014251709
973,50000,4,efficient_non_dominated_sort,9799.046875,0.7619740962982178
974,50000,4,fast_non_dominated_sort,10439.9453125,21.25732398033142
975,50000,4,nmoo,9799.046875,2.2299609184265137
976,50000,4,efficient_non_dominated_sort,9799.046875,0.7692916393280029
977,50000,4,fast_non_dominated_sort,10435.66796875,21.216576099395752
978,50000,4,nmoo,9799.046875,1.7481720447540283
979,50000,4,efficient_non_dominated_sort,9799.046875,0.7674415111541748
980,50000,4,fast_non_dominated_sort,10445.16015625,21.293526887893677
981,50000,4,nmoo,9799.046875,2.0789802074432373
982,50000,4,efficient_non_dominated_sort,9799.046875,0.7609443664550781
983,50000,4,fast_non_dominated_sort,10439.67578125,21.213948726654053
984,50000,4,nmoo,9799.046875,1.7763078212738037
985,50000,4,efficient_non_dominated_sort,9799.046875,0.7831144332885742
986,50000,4,fast_non_dominated_sort,10446.4140625,21.258203983306885
987,50000,4,nmoo,9799.046875,1.98525071144104
988,50000,4,efficient_non_dominated_sort,9799.046875,0.7933549880981445
989,50000,4,fast_non_dominated_sort,10444.7265625,21.28969097137451
990,50000,5,nmoo,9799.046875,5.159526348114014
991,50000,5,efficient_non_dominated_sort,9799.046875,1.3669672012329102
992,50000,5,fast_non_dominated_sort,10066.484375,21.19640874862671
993,50000,5,nmoo,9799.046875,6.475475311279297
994,50000,5,efficient_non_dominated_sort,9799.046875,1.3774001598358154
995,50000,5,fast_non_dominated_sort,10065.56640625,21.19380807876587
996,50000,5,nmoo,9799.046875,6.990478754043579
997,50000,5,efficient_non_dominated_sort,9799.046875,1.3764593601226807
998,50000,5,fast_non_dominated_sort,10064.45703125,21.207250833511353
999,50000,5,nmoo,9799.046875,6.715572118759155
1000,50000,5,efficient_non_dominated_sort,9799.046875,1.394700050354004
1001,50000,5,fast_non_dominated_sort,10061.78515625,21.210376501083374
1002,50000,5,nmoo,9799.046875,7.463903427124023
1003,50000,5,efficient_non_dominated_sort,9799.046875,1.371751070022583
1004,50000,5,fast_non_dominated_sort,10058.6328125,21.168784856796265
1005,50000,5,nmoo,9799.046875,6.37502384185791
1006,50000,5,efficient_non_dominated_sort,9799.046875,1.335174560546875
1007,50000,5,fast_non_dominated_sort,10062.375,21.14845633506775
1008,50000,5,nmoo,9799.046875,5.454217195510864
1009,50000,5,efficient_non_dominated_sort,9799.046875,1.4194004535675049
1010,50000,5,fast_non_dominated_sort,10068.2421875,21.25159525871277
1011,50000,5,nmoo,9799.046875,7.3708741664886475
1012,50000,5,efficient_non_dominated_sort,9799.046875,1.3581039905548096
1013,50000,5,fast_non_dominated_sort,10063.28125,21.19749355316162
1014,50000,5,nmoo,9799.046875,5.36514139175415
1015,50000,5,efficient_non_dominated_sort,9799.046875,1.3805930614471436
1016,50000,5,fast_non_dominated_sort,10077.6015625,21.239322900772095
1017,50000,5,nmoo,9799.046875,7.275235414505005
1018,50000,5,efficient_non_dominated_sort,9799.046875,1.3463129997253418
1019,50000,5,fast_non_dominated_sort,10065.4765625,21.207974672317505
1020,50000,6,nmoo,9799.046875,17.727681159973145
1021,50000,6,efficient_non_dominated_sort,9799.046875,2.052152156829834
1022,50000,6,fast_non_dominated_sort,9878.05078125,21.270628452301025
1023,50000,6,nmoo,9799.046875,14.67777156829834
1024,50000,6,efficient_non_dominated_sort,9799.046875,2.1406562328338623
1025,50000,6,fast_non_dominated_sort,9874.48046875,21.222204208374023
1026,50000,6,nmoo,9799.046875,16.64560842514038
1027,50000,6,efficient_non_dominated_sort,9799.046875,2.173374891281128
1028,50000,6,fast_non_dominated_sort,9874.29296875,21.214107513427734
1029,50000,6,nmoo,9799.046875,13.834409713745117
1030,50000,6,efficient_non_dominated_sort,9799.046875,2.113651752471924
1031,50000,6,fast_non_dominated_sort,9875.84765625,21.242435932159424
1032,50000,6,nmoo,9799.046875,17.179924964904785
1033,50000,6,efficient_non_dominated_sort,9799.046875,2.1326394081115723
1034,50000,6,fast_non_dominated_sort,9875.94140625,21.22459888458252
1035,50000,6,nmoo,9799.046875,16.53628897666931
1036,50000,6,efficient_non_dominated_sort,9799.046875,2.062464475631714
1037,50000,6,fast_non_dominated_sort,9878.26171875,21.18585443496704
1038,50000,6,nmoo,9799.046875,16.139771461486816
1039,50000,6,efficient_non_dominated_sort,9799.046875,2.1239330768585205
1040,50000,6,fast_non_dominated_sort,9876.25,21.237207412719727
1041,50000,6,nmoo,9799.046875,16.174023866653442
1042,50000,6,efficient_non_dominated_sort,9799.046875,2.151045560836792
1043,50000,6,fast_non_dominated_sort,9878.76953125,21.24300241470337
1044,50000,6,nmoo,9830.36328125,16.723100423812866
1045,50000,6,efficient_non_dominated_sort,9830.36328125,2.1237409114837646
1046,50000,6,fast_non_dominated_sort,9879.8125,21.25571894645691
1047,50000,6,nmoo,9832.98828125,19.688886165618896
1048,50000,6,efficient_non_dominated_sort,9832.98828125,2.1554222106933594
1049,50000,6,fast_non_dominated_sort,9879.6875,21.246424198150635
1050,50000,7,nmoo,9833.9453125,37.469088554382324
1051,50000,7,efficient_non_dominated_sort,9833.9453125,2.9362518787384033
1052,50000,7,fast_non_dominated_sort,9833.9453125,21.194740295410156
1053,50000,7,nmoo,9833.9453125,32.396899461746216
1054,50000,7,efficient_non_dominated_sort,9833.9453125,3.0251455307006836
1055,50000,7,fast_non_dominated_sort,9833.9453125,21.218655586242676
1056,50000,7,nmoo,9833.9453125,35.64237952232361
1057,50000,7,efficient_non_dominated_sort,9833.9453125,2.9474551677703857
1058,50000,7,fast_non_dominated_sort,9833.9453125,21.20776653289795
1059,50000,7,nmoo,9833.9453125,33.06744980812073
1060,50000,7,efficient_non_dominated_sort,9833.9453125,2.948413133621216
1061,50000,7,fast_non_dominated_sort,9833.9453125,21.252779722213745
1062,50000,7,nmoo,9833.9453125,31.401070833206177
1063,50000,7,efficient_non_dominated_sort,9833.9453125,3.070349931716919
1064,50000,7,fast_non_dominated_sort,9833.9453125,21.264910221099854
1065,50000,7,nmoo,9833.9453125,39.63749170303345
1066,50000,7,efficient_non_dominated_sort,9833.9453125,3.007056713104248
1067,50000,7,fast_non_dominated_sort,9833.9453125,21.212085008621216
1068,50000,7,nmoo,9833.9453125,41.68011426925659
1069,50000,7,efficient_non_dominated_sort,9833.9453125,3.0627992153167725
1070,50000,7,fast_non_dominated_sort,9833.9453125,21.241783380508423
1071,50000,7,nmoo,9799.046875,35.73294758796692
1072,50000,7,efficient_non_dominated_sort,9799.046875,2.9880611896514893
1073,50000,7,fast_non_dominated_sort,9799.046875,21.2408926486969
1074,50000,7,nmoo,9799.046875,34.56416392326355
1075,50000,7,efficient_non_dominated_sort,9799.046875,2.9981296062469482
1076,50000,7,fast_non_dominated_sort,9799.046875,21.271009922027588
1077,50000,7,nmoo,9799.046875,39.593058586120605
1078,50000,7,efficient_non_dominated_sort,9799.046875,2.9744985103607178
1079,50000,7,fast_non_dominated_sort,9799.046875,21.211350917816162
1080,100000,2,nmoo,9799.046875,0.06606507301330566
1081,100000,2,efficient_non_dominated_sort,9799.046875,2.4176998138427734
1082,100000,2,fast_non_dominated_sort,50064.16796875,87.8913471698761
1083,100000,2,nmoo,39554.1875,0.0657966136932373
1084,100000,2,efficient_non_dominated_sort,39554.1875,2.251411199569702
1085,100000,2,fast_non_dominated_sort,50101.14453125,91.21122622489929
1086,100000,2,nmoo,39251.3671875,0.06643962860107422
1087,100000,2,efficient_non_dominated_sort,39251.1171875,2.4618403911590576
1088,100000,2,fast_non_dominated_sort,50101.66796875,88.48406434059143
1089,100000,2,nmoo,38983.1640625,0.06599903106689453
1090,100000,2,efficient_non_dominated_sort,38983.1640625,2.1347579956054688
1091,100000,2,fast_non_dominated_sort,50063.4921875,91.2562313079834
1092,100000,2,nmoo,38955.63671875,0.06535100936889648
1093,100000,2,efficient_non_dominated_sort,38955.38671875,2.2372002601623535
1094,100000,2,fast_non_dominated_sort,50086.0078125,91.27626991271973
1095,100000,2,nmoo,38736.08203125,0.06350135803222656
1096,100000,2,efficient_non_dominated_sort,38735.83203125,2.2602198123931885
1097,100000,2,fast_non_dominated_sort,50120.58203125,91.68701601028442
1098,100000,2,nmoo,39585.16796875,0.06559348106384277
1099,100000,2,efficient_non_dominated_sort,39584.91796875,2.2176883220672607
1100,100000,2,fast_non_dominated_sort,50097.765625,92.14021849632263
1101,100000,2,nmoo,38751.02734375,0.06497907638549805
1102,100000,2,efficient_non_dominated_sort,38750.77734375,2.22525691986084
1103,100000,2,fast_non_dominated_sort,50120.44921875,91.73727369308472
1104,100000,2,nmoo,39116.921875,0.06479954719543457
1105,100000,2,efficient_non_dominated_sort,39116.671875,2.2347922325134277
1106,100000,2,fast_non_dominated_sort,50191.0625,91.9617166519165
1107,100000,2,nmoo,39295.3671875,0.06447124481201172
1108,100000,2,efficient_non_dominated_sort,39295.1171875,2.2243893146514893
1109,100000,2,fast_non_dominated_sort,50072.89453125,91.80794548988342
1110,100000,3,nmoo,39868.1015625,1.3561649322509766
1111,100000,3,efficient_non_dominated_sort,39868.1015625,1.578439712524414
1112,100000,3,fast_non_dominated_sort,44323.82421875,88.2315788269043
1113,100000,3,nmoo,39155.89453125,1.1416573524475098
1114,100000,3,efficient_non_dominated_sort,39155.89453125,1.5724875926971436
1115,100000,3,fast_non_dominated_sort,44236.3515625,88.06669330596924
1116,100000,3,nmoo,39155.9375,0.7991905212402344
1117,100000,3,efficient_non_dominated_sort,39155.9453125,1.5954060554504395
1118,100000,3,fast_non_dominated_sort,44259.3359375,88.19735217094421
1119,100000,3,nmoo,39155.9453125,1.3881292343139648
1120,100000,3,efficient_non_dominated_sort,39155.9453125,2.080375909805298
1121,100000,3,fast_non_dominated_sort,44287.328125,88.15782618522644
1122,100000,3,nmoo,39155.9453125,1.5753095149993896
1123,100000,3,efficient_non_dominated_sort,39157.125,1.7117738723754883
1124,100000,3,fast_non_dominated_sort,44273.66015625,88.24297666549683
1125,100000,3,nmoo,39155.9453125,0.8118367195129395
1126,100000,3,efficient_non_dominated_sort,39155.9453125,1.669130563735962
1127,100000,3,fast_non_dominated_sort,44245.7421875,88.15741205215454
1128,100000,3,nmoo,39155.9453125,1.195789098739624
1129,100000,3,efficient_non_dominated_sort,39155.9453125,1.635857105255127
1130,100000,3,fast_non_dominated_sort,44288.45703125,88.2039783000946
1131,100000,3,nmoo,39155.9453125,1.1917777061462402
1132,100000,3,efficient_non_dominated_sort,39155.9453125,1.674041748046875
1133,100000,3,fast_non_dominated_sort,44242.58203125,88.19604134559631
1134,100000,3,nmoo,39155.9453125,1.9134089946746826
1135,100000,3,efficient_non_dominated_sort,39155.9453125,1.7268013954162598
1136,100000,3,fast_non_dominated_sort,44296.68359375,88.3660216331482
1137,100000,3,nmoo,39155.9453125,0.8876457214355469
1138,100000,3,efficient_non_dominated_sort,39155.9453125,1.620387315750122
1139,100000,3,fast_non_dominated_sort,44266.88671875,88.25050354003906
1140,100000,4,nmoo,39155.9453125,5.6073784828186035
1141,100000,4,efficient_non_dominated_sort,39155.9453125,3.066896915435791
1142,100000,4,fast_non_dominated_sort,41337.43359375,87.36541295051575
1143,100000,4,nmoo,39155.9453125,4.818608283996582
1144,100000,4,efficient_non_dominated_sort,39155.9453125,3.064772605895996
1145,100000,4,fast_non_dominated_sort,41338.421875,87.240314245224
1146,100000,4,nmoo,39155.9453125,4.356258153915405
1147,100000,4,efficient_non_dominated_sort,39155.9453125,2.963671922683716
1148,100000,4,fast_non_dominated_sort,41310.515625,87.15284895896912
1149,100000,4,nmoo,39155.9453125,4.814526796340942
1150,100000,4,efficient_non_dominated_sort,39155.9453125,3.1564483642578125
1151,100000,4,fast_non_dominated_sort,41319.7265625,87.22577667236328
1152,100000,4,nmoo,39155.9453125,4.192493200302124
1153,100000,4,efficient_non_dominated_sort,39155.9453125,3.00217866897583
1154,100000,4,fast_non_dominated_sort,41339.83203125,87.3482551574707
1155,100000,4,nmoo,39155.9453125,4.5142152309417725
1156,100000,4,efficient_non_dominated_sort,39155.9453125,3.097144365310669
1157,100000,4,fast_non_dominated_sort,41337.5234375,87.35241270065308
1158,100000,4,nmoo,39155.9453125,4.8071043491363525
1159,100000,4,efficient_non_dominated_sort,39155.9453125,2.9572153091430664
1160,100000,4,fast_non_dominated_sort,41357.5703125,87.5334529876709
1161,100000,4,nmoo,39155.9453125,4.105316162109375
1162,100000,4,efficient_non_dominated_sort,39155.9453125,3.1472115516662598
1163,100000,4,fast_non_dominated_sort,41376.48046875,87.52566337585449
1164,100000,4,nmoo,39155.9453125,4.599677324295044
1165,100000,4,efficient_non_dominated_sort,39155.9453125,3.0866451263427734
1166,100000,4,fast_non_dominated_sort,41350.3125,87.41303992271423
1167,100000,4,nmoo,39155.9453125,5.138554573059082
1168,100000,4,efficient_non_dominated_sort,39155.9453125,3.0319888591766357
1169,100000,4,fast_non_dominated_sort,41327.5,87.32863426208496
1170,100000,5,nmoo,39155.9453125,15.132979154586792
1171,100000,5,efficient_non_dominated_sort,39155.9453125,5.394475698471069
1172,100000,5,fast_non_dominated_sort,39867.1015625,87.04076552391052
1173,100000,5,nmoo,39155.9453125,15.868379831314087
1174,100000,5,efficient_non_dominated_sort,39155.9453125,5.458465337753296
1175,100000,5,fast_non_dominated_sort,39860.4921875,86.98143696784973
1176,100000,5,nmoo,39155.9453125,14.780717611312866
1177,100000,5,efficient_non_dominated_sort,39155.9453125,5.549581527709961
1178,100000,5,fast_non_dominated_sort,39869.0234375,87.21968221664429
1179,100000,5,nmoo,39155.9453125,13.45615816116333
1180,100000,5,efficient_non_dominated_sort,39155.9453125,5.579986810684204
1181,100000,5,fast_non_dominated_sort,39875.39453125,87.08277559280396
1182,100000,5,nmoo,39155.9453125,15.424710988998413
1183,100000,5,efficient_non_dominated_sort,39155.9453125,5.623806715011597
1184,100000,5,fast_non_dominated_sort,39883.640625,87.21456813812256
1185,100000,5,nmoo,39155.9453125,15.855437994003296
1186,100000,5,efficient_non_dominated_sort,39155.9453125,5.447897911071777
1187,100000,5,fast_non_dominated_sort,39891.82421875,87.10145616531372
1188,100000,5,nmoo,39155.9453125,15.827805042266846
1189,100000,5,efficient_non_dominated_sort,39155.9453125,5.343055009841919
1190,100000,5,fast_non_dominated_sort,39877.4140625,87.11827039718628
1191,100000,5,nmoo,39155.9453125,16.651880264282227
1192,100000,5,efficient_non_dominated_sort,39155.9453125,5.567485094070435
1193,100000,5,fast_non_dominated_sort,39890.953125,87.19809579849243
1194,100000,5,nmoo,39155.9453125,13.87341046333313
1195,100000,5,efficient_non_dominated_sort,39155.9453125,5.360665798187256
1196,100000,5,fast_non_dominated_sort,39871.76171875,87.42971444129944
1197,100000,5,nmoo,39155.9453125,12.602619886398315
1198,100000,5,efficient_non_dominated_sort,39157.78125,5.42606258392334
1199,100000,5,fast_non_dominated_sort,39897.50390625,87.40922164916992
1200,100000,6,nmoo,39155.9453125,34.681299924850464
1201,100000,6,efficient_non_dominated_sort,39155.9453125,8.178987503051758
1202,100000,6,fast_non_dominated_sort,39158.2265625,86.65596342086792
1203,100000,6,nmoo,39155.9453125,44.02506709098816
1204,100000,6,efficient_non_dominated_sort,39155.9453125,8.39463472366333
1205,100000,6,fast_non_dominated_sort,39161.703125,86.88397645950317
1206,100000,6,nmoo,39155.9453125,36.68587851524353
1207,100000,6,efficient_non_dominated_sort,39155.9453125,8.5054771900177
1208,100000,6,fast_non_dominated_sort,39164.6640625,86.91258645057678
1209,100000,6,nmoo,39155.9453125,42.37292194366455
1210,100000,6,efficient_non_dominated_sort,39155.9453125,8.459514617919922
1211,100000,6,fast_non_dominated_sort,39157.53515625,86.85475420951843
1212,100000,6,nmoo,39157.53515625,38.252403259277344
1213,100000,6,efficient_non_dominated_sort,39157.53515625,8.483484745025635
1214,100000,6,fast_non_dominated_sort,39162.98828125,86.88570737838745
1215,100000,6,nmoo,39155.9453125,38.167587757110596
1216,100000,6,efficient_non_dominated_sort,39155.9453125,8.608190059661865
1217,100000,6,fast_non_dominated_sort,39161.06640625,86.79603815078735
1218,100000,6,nmoo,39155.9453125,34.29151916503906
1219,100000,6,efficient_non_dominated_sort,39155.9453125,8.426607847213745
1220,100000,6,fast_non_dominated_sort,39158.9296875,86.94536280632019
1221,100000,6,nmoo,39155.9453125,31.429214000701904
1222,100000,6,efficient_non_dominated_sort,39155.9453125,8.576735496520996
1223,100000,6,fast_non_dominated_sort,39165.2734375,86.95604276657104
1224,100000,6,nmoo,39155.9453125,43.16744589805603
1225,100000,6,efficient_non_dominated_sort,39155.9453125,8.414401292800903
1226,100000,6,fast_non_dominated_sort,39166.07421875,86.96238088607788
1227,100000,6,nmoo,39155.9453125,36.255635023117065
1228,100000,6,efficient_non_dominated_sort,39155.9453125,8.44664716720581
1229,100000,6,fast_non_dominated_sort,39166.37890625,86.88841557502747
1230,100000,7,nmoo,39155.9453125,93.56185388565063
1231,100000,7,efficient_non_dominated_sort,39155.9453125,11.64783501625061
1232,100000,7,fast_non_dominated_sort,39158.03125,86.79793381690979
1233,100000,7,nmoo,39155.9453125,88.72301149368286
1234,100000,7,efficient_non_dominated_sort,39155.9453125,11.88498044013977
1235,100000,7,fast_non_dominated_sort,39155.9453125,87.01538133621216
1236,100000,7,nmoo,39155.9453125,91.77253460884094
1237,100000,7,efficient_non_dominated_sort,39155.9453125,11.455529928207397
1238,100000,7,fast_non_dominated_sort,39155.9453125,86.8151478767395
1239,100000,7,nmoo,39155.9453125,96.58345580101013
1240,100000,7,efficient_non_dominated_sort,39155.9453125,11.67826771736145
1241,100000,7,fast_non_dominated_sort,39155.9453125,86.99846363067627
1242,100000,7,nmoo,39155.9453125,105.10862851142883
1243,100000,7,efficient_non_dominated_sort,39155.9453125,11.786841630935669
1244,100000,7,fast_non_dominated_sort,39155.9453125,86.94839692115784
1245,100000,7,nmoo,39155.9453125,96.65940690040588
1246,100000,7,efficient_non_dominated_sort,39157.99609375,11.950939655303955
1247,100000,7,fast_non_dominated_sort,39155.9453125,86.96156477928162
1248,100000,7,nmoo,39155.9453125,90.91891837120056
1249,100000,7,efficient_non_dominated_sort,39155.9453125,11.68716311454773
1250,100000,7,fast_non_dominated_sort,39155.9453125,86.8805639743805
1251,100000,7,nmoo,39155.9453125,94.64530515670776
1252,100000,7,efficient_non_dominated_sort,39155.9453125,12.572115421295166
1253,100000,7,fast_non_dominated_sort,39155.9453125,86.95319414138794
1254,100000,7,nmoo,39155.9453125,103.87231421470642
1255,100000,7,efficient_non_dominated_sort,39155.9453125,11.630822658538818
1256,100000,7,fast_non_dominated_sort,39155.9453125,86.92481589317322
1257,100000,7,nmoo,39155.9453125,99.55319666862488
1258,100000,7,efficient_non_dominated_sort,39155.9453125,11.638893604278564
1259,100000,7,fast_non_dominated_sort,39157.8671875,87.10151672363281
