,N,d,algo,time
0,100,2,pymoo,0.0014345645904541016
1,100,2,nmoo,8.749961853027344e-05
2,100,2,pymoo,0.0003452301025390625
3,100,2,nmoo,7.724761962890625e-05
4,100,2,pymoo,0.0003352165222167969
5,100,2,nmoo,7.534027099609375e-05
6,100,2,pymoo,0.0003170967102050781
7,100,2,nmoo,7.152557373046875e-05
8,100,2,pymoo,0.0003161430358886719
9,100,2,nmoo,7.271766662597656e-05
10,100,2,pymoo,0.00031757354736328125
11,100,2,nmoo,6.914138793945312e-05
12,100,2,pymoo,0.0003535747528076172
13,100,2,nmoo,7.605552673339844e-05
14,100,2,pymoo,0.00030994415283203125
15,100,2,nmoo,6.914138793945312e-05
16,100,2,pymoo,0.0003337860107421875
17,100,2,nmoo,7.343292236328125e-05
18,100,2,pymoo,0.0003306865692138672
19,100,2,nmoo,7.104873657226562e-05
20,100,3,pymoo,0.00031828880310058594
21,100,3,nmoo,0.00027441978454589844
22,100,3,pymoo,0.000308990478515625
23,100,3,nmoo,0.0006341934204101562
24,100,3,pymoo,0.0003147125244140625
25,100,3,nmoo,0.0003764629364013672
26,100,3,pymoo,0.00030922889709472656
27,100,3,nmoo,0.00019049644470214844
28,100,3,pymoo,0.000308990478515625
29,100,3,nmoo,0.00054931640625
30,100,3,pymoo,0.0003151893615722656
31,100,3,nmoo,0.0005638599395751953
32,100,3,pymoo,0.00031685829162597656
33,100,3,nmoo,0.0004875659942626953
34,100,3,pymoo,0.000339508056640625
35,100,3,nmoo,0.0004398822784423828
36,100,3,pymoo,0.000331878662109375
37,100,3,nmoo,0.0004999637603759766
38,100,3,pymoo,0.0003116130828857422
39,100,3,nmoo,0.0006303787231445312
40,100,4,pymoo,0.0003039836883544922
41,100,4,nmoo,0.001535177230834961
42,100,4,pymoo,0.00030612945556640625
43,100,4,nmoo,0.0008795261383056641
44,100,4,pymoo,0.000316619873046875
45,100,4,nmoo,0.0008018016815185547
46,100,4,pymoo,0.0003204345703125
47,100,4,nmoo,0.0015633106231689453
48,100,4,pymoo,0.00031065940856933594
49,100,4,nmoo,0.0015079975128173828
50,100,4,pymoo,0.00030517578125
51,100,4,nmoo,0.0009031295776367188
52,100,4,pymoo,0.0003135204315185547
53,100,4,nmoo,0.0012602806091308594
54,100,4,pymoo,0.00031256675720214844
55,100,4,nmoo,0.001154184341430664
56,100,4,pymoo,0.00030493736267089844
57,100,4,nmoo,0.0007226467132568359
58,100,4,pymoo,0.00031256675720214844
59,100,4,nmoo,0.0007038116455078125
60,100,5,pymoo,0.0003101825714111328
61,100,5,nmoo,0.0013630390167236328
62,100,5,pymoo,0.00032401084899902344
63,100,5,nmoo,0.002015352249145508
64,100,5,pymoo,0.0003170967102050781
65,100,5,nmoo,0.002409219741821289
66,100,5,pymoo,0.00030875205993652344
67,100,5,nmoo,0.0026009082794189453
68,100,5,pymoo,0.00030350685119628906
69,100,5,nmoo,0.002278566360473633
70,100,5,pymoo,0.00033354759216308594
71,100,5,nmoo,0.0016493797302246094
72,100,5,pymoo,0.0003025531768798828
73,100,5,nmoo,0.0018055438995361328
74,100,5,pymoo,0.0003108978271484375
75,100,5,nmoo,0.0014324188232421875
76,100,5,pymoo,0.0003020763397216797
77,100,5,nmoo,0.0022437572479248047
78,100,5,pymoo,0.0003027915954589844
79,100,5,nmoo,0.0020418167114257812
80,100,6,pymoo,0.0003147125244140625
81,100,6,nmoo,0.003095865249633789
82,100,6,pymoo,0.0003104209899902344
83,100,6,nmoo,0.0031251907348632812
84,100,6,pymoo,0.0003020763397216797
85,100,6,nmoo,0.002862691879272461
86,100,6,pymoo,0.0003046989440917969
87,100,6,nmoo,0.0023517608642578125
88,100,6,pymoo,0.000301361083984375
89,100,6,nmoo,0.0029861927032470703
90,100,6,pymoo,0.00030875205993652344
91,100,6,nmoo,0.0025298595428466797
92,100,6,pymoo,0.00030040740966796875
93,100,6,nmoo,0.0027675628662109375
94,100,6,pymoo,0.0003101825714111328
95,100,6,nmoo,0.0026187896728515625
96,100,6,pymoo,0.0003027915954589844
97,100,6,nmoo,0.0030837059020996094
98,100,6,pymoo,0.0003139972686767578
99,100,6,nmoo,0.0030024051666259766
100,100,7,pymoo,0.0003027915954589844
101,100,7,nmoo,0.003234386444091797
102,100,7,pymoo,0.0003025531768798828
103,100,7,nmoo,0.0036683082580566406
104,100,7,pymoo,0.00030541419982910156
105,100,7,nmoo,0.0037703514099121094
106,100,7,pymoo,0.00030875205993652344
107,100,7,nmoo,0.003057241439819336
108,100,7,pymoo,0.0003056526184082031
109,100,7,nmoo,0.0032889842987060547
110,100,7,pymoo,0.0003037452697753906
111,100,7,nmoo,0.0031042098999023438
112,100,7,pymoo,0.0003001689910888672
113,100,7,nmoo,0.003961801528930664
114,100,7,pymoo,0.0003039836883544922
115,100,7,nmoo,0.003553628921508789
116,100,7,pymoo,0.00030159950256347656
117,100,7,nmoo,0.0039215087890625
118,100,7,pymoo,0.0003044605255126953
119,100,7,nmoo,0.004011869430541992
120,500,2,pymoo,0.002848386764526367
121,500,2,nmoo,0.0003008842468261719
122,500,2,pymoo,0.002660512924194336
123,500,2,nmoo,0.0003037452697753906
124,500,2,pymoo,0.0025641918182373047
125,500,2,nmoo,0.0003008842468261719
126,500,2,pymoo,0.0025415420532226562
127,500,2,nmoo,0.00029468536376953125
128,500,2,pymoo,0.0024979114532470703
129,500,2,nmoo,0.00029850006103515625
130,500,2,pymoo,0.0025527477264404297
131,500,2,nmoo,0.0002989768981933594
132,500,2,pymoo,0.0025420188903808594
133,500,2,nmoo,0.00030112266540527344
134,500,2,pymoo,0.002527952194213867
135,500,2,nmoo,0.0003020763397216797
136,500,2,pymoo,0.0025260448455810547
137,500,2,nmoo,0.0002994537353515625
138,500,2,pymoo,0.0025086402893066406
139,500,2,nmoo,0.0003020763397216797
140,500,3,pymoo,0.002698659896850586
141,500,3,nmoo,0.0026845932006835938
142,500,3,pymoo,0.0027303695678710938
143,500,3,nmoo,0.0031821727752685547
144,500,3,pymoo,0.002725839614868164
145,500,3,nmoo,0.0033669471740722656
146,500,3,pymoo,0.0027036666870117188
147,500,3,nmoo,0.0031359195709228516
148,500,3,pymoo,0.0026824474334716797
149,500,3,nmoo,0.0019495487213134766
150,500,3,pymoo,0.0026984214782714844
151,500,3,nmoo,0.0029397010803222656
152,500,3,pymoo,0.0026824474334716797
153,500,3,nmoo,0.003456592559814453
154,500,3,pymoo,0.0027561187744140625
155,500,3,nmoo,0.004143238067626953
156,500,3,pymoo,0.002718210220336914
157,500,3,nmoo,0.003517627716064453
158,500,3,pymoo,0.0027627944946289062
159,500,3,nmoo,0.0030059814453125
160,500,4,pymoo,0.0027418136596679688
161,500,4,nmoo,0.006697893142700195
162,500,4,pymoo,0.0028083324432373047
163,500,4,nmoo,0.006873369216918945
164,500,4,pymoo,0.0027768611907958984
165,500,4,nmoo,0.010488748550415039
166,500,4,pymoo,0.0028078556060791016
167,500,4,nmoo,0.010187387466430664
168,500,4,pymoo,0.0028235912322998047
169,500,4,nmoo,0.007910966873168945
170,500,4,pymoo,0.002756357192993164
171,500,4,nmoo,0.0047605037689208984
172,500,4,pymoo,0.0027670860290527344
173,500,4,nmoo,0.008779764175415039
174,500,4,pymoo,0.0027704238891601562
175,500,4,nmoo,0.0055925846099853516
176,500,4,pymoo,0.002731800079345703
177,500,4,nmoo,0.008673429489135742
178,500,4,pymoo,0.0027310848236083984
179,500,4,nmoo,0.006868839263916016
180,500,5,pymoo,0.0027687549591064453
181,500,5,nmoo,0.0194549560546875
182,500,5,pymoo,0.002834320068359375
183,500,5,nmoo,0.017394542694091797
184,500,5,pymoo,0.002806425094604492
185,500,5,nmoo,0.022092580795288086
186,500,5,pymoo,0.0027894973754882812
187,500,5,nmoo,0.016107559204101562
188,500,5,pymoo,0.002766847610473633
189,500,5,nmoo,0.02443695068359375
190,500,5,pymoo,0.002725362777709961
191,500,5,nmoo,0.014553070068359375
192,500,5,pymoo,0.002788066864013672
193,500,5,nmoo,0.0174863338470459
194,500,5,pymoo,0.0028035640716552734
195,500,5,nmoo,0.014956474304199219
196,500,5,pymoo,0.0028061866760253906
197,500,5,nmoo,0.01892995834350586
198,500,5,pymoo,0.0028312206268310547
199,500,5,nmoo,0.018689393997192383
200,500,6,pymoo,0.0027768611907958984
201,500,6,nmoo,0.037813663482666016
202,500,6,pymoo,0.0027618408203125
203,500,6,nmoo,0.033892154693603516
204,500,6,pymoo,0.002832651138305664
205,500,6,nmoo,0.034540653228759766
206,500,6,pymoo,0.0027446746826171875
207,500,6,nmoo,0.03718733787536621
208,500,6,pymoo,0.0028238296508789062
209,500,6,nmoo,0.03479623794555664
210,500,6,pymoo,0.002771615982055664
211,500,6,nmoo,0.03351593017578125
212,500,6,pymoo,0.0028057098388671875
213,500,6,nmoo,0.03201460838317871
214,500,6,pymoo,0.002830028533935547
215,500,6,nmoo,0.025710582733154297
216,500,6,pymoo,0.0027914047241210938
217,500,6,nmoo,0.030706167221069336
218,500,6,pymoo,0.0028281211853027344
219,500,6,nmoo,0.02393364906311035
220,500,7,pymoo,0.0027701854705810547
221,500,7,nmoo,0.059912919998168945
222,500,7,pymoo,0.0028235912322998047
223,500,7,nmoo,0.05421113967895508
224,500,7,pymoo,0.0027625560760498047
225,500,7,nmoo,0.037253618240356445
226,500,7,pymoo,0.002780914306640625
227,500,7,nmoo,0.04160165786743164
228,500,7,pymoo,0.002736330032348633
229,500,7,nmoo,0.05418515205383301
230,500,7,pymoo,0.0027434825897216797
231,500,7,nmoo,0.044800519943237305
232,500,7,pymoo,0.002825498580932617
233,500,7,nmoo,0.053769826889038086
234,500,7,pymoo,0.0030994415283203125
235,500,7,nmoo,0.05594682693481445
236,500,7,pymoo,0.0028340816497802734
237,500,7,nmoo,0.036788225173950195
238,500,7,pymoo,0.0028553009033203125
239,500,7,nmoo,0.03124403953552246
240,1000,2,pymoo,0.009098291397094727
241,1000,2,nmoo,0.0005855560302734375
242,1000,2,pymoo,0.007961750030517578
243,1000,2,nmoo,0.0005774497985839844
244,1000,2,pymoo,0.007826805114746094
245,1000,2,nmoo,0.0005815029144287109
246,1000,2,pymoo,0.007664203643798828
247,1000,2,nmoo,0.0005826950073242188
248,1000,2,pymoo,0.007601737976074219
249,1000,2,nmoo,0.0005815029144287109
250,1000,2,pymoo,0.0076215267181396484
251,1000,2,nmoo,0.0005822181701660156
252,1000,2,pymoo,0.007694244384765625
253,1000,2,nmoo,0.0005891323089599609
254,1000,2,pymoo,0.007729053497314453
255,1000,2,nmoo,0.0005769729614257812
256,1000,2,pymoo,0.0077207088470458984
257,1000,2,nmoo,0.0005779266357421875
258,1000,2,pymoo,0.007652997970581055
259,1000,2,nmoo,0.0005807876586914062
260,1000,3,pymoo,0.00836634635925293
261,1000,3,nmoo,0.0077364444732666016
262,1000,3,pymoo,0.008733510971069336
263,1000,3,nmoo,0.006360054016113281
264,1000,3,pymoo,0.008653640747070312
265,1000,3,nmoo,0.004815816879272461
266,1000,3,pymoo,0.00847172737121582
267,1000,3,nmoo,0.009000778198242188
268,1000,3,pymoo,0.00838613510131836
269,1000,3,nmoo,0.007009744644165039
270,1000,3,pymoo,0.008399248123168945
271,1000,3,nmoo,0.01013803482055664
272,1000,3,pymoo,0.008577346801757812
273,1000,3,nmoo,0.0066187381744384766
274,1000,3,pymoo,0.008380889892578125
275,1000,3,nmoo,0.005864143371582031
276,1000,3,pymoo,0.00842595100402832
277,1000,3,nmoo,0.008529901504516602
278,1000,3,pymoo,0.008506059646606445
279,1000,3,nmoo,0.007486820220947266
280,1000,4,pymoo,0.008815765380859375
281,1000,4,nmoo,0.01680159568786621
282,1000,4,pymoo,0.008897542953491211
283,1000,4,nmoo,0.011368036270141602
284,1000,4,pymoo,0.008736848831176758
285,1000,4,nmoo,0.01740717887878418
286,1000,4,pymoo,0.00873422622680664
287,1000,4,nmoo,0.019257307052612305
288,1000,4,pymoo,0.008965253829956055
289,1000,4,nmoo,0.020136117935180664
290,1000,4,pymoo,0.008736848831176758
291,1000,4,nmoo,0.015534400939941406
292,1000,4,pymoo,0.008831501007080078
293,1000,4,nmoo,0.022974491119384766
294,1000,4,pymoo,0.008811473846435547
295,1000,4,nmoo,0.02003002166748047
296,1000,4,pymoo,0.008672237396240234
297,1000,4,nmoo,0.020950794219970703
298,1000,4,pymoo,0.008848428726196289
299,1000,4,nmoo,0.019602298736572266
300,1000,5,pymoo,0.009033441543579102
301,1000,5,nmoo,0.04886817932128906
302,1000,5,pymoo,0.009129762649536133
303,1000,5,nmoo,0.049078941345214844
304,1000,5,pymoo,0.008941888809204102
305,1000,5,nmoo,0.04290413856506348
306,1000,5,pymoo,0.008825063705444336
307,1000,5,nmoo,0.04569816589355469
308,1000,5,pymoo,0.008857011795043945
309,1000,5,nmoo,0.04154610633850098
310,1000,5,pymoo,0.008997917175292969
311,1000,5,nmoo,0.04958772659301758
312,1000,5,pymoo,0.008922815322875977
313,1000,5,nmoo,0.04787135124206543
314,1000,5,pymoo,0.00875711441040039
315,1000,5,nmoo,0.0357205867767334
316,1000,5,pymoo,0.009042024612426758
317,1000,5,nmoo,0.041417837142944336
318,1000,5,pymoo,0.008964300155639648
319,1000,5,nmoo,0.04109597206115723
320,1000,6,pymoo,0.009020090103149414
321,1000,6,nmoo,0.07205080986022949
322,1000,6,pymoo,0.009133100509643555
323,1000,6,nmoo,0.08934259414672852
324,1000,6,pymoo,0.008952617645263672
325,1000,6,nmoo,0.11760497093200684
326,1000,6,pymoo,0.008819103240966797
327,1000,6,nmoo,0.11514043807983398
328,1000,6,pymoo,0.00891256332397461
329,1000,6,nmoo,0.08033466339111328
330,1000,6,pymoo,0.008884906768798828
331,1000,6,nmoo,0.11855077743530273
332,1000,6,pymoo,0.009101152420043945
333,1000,6,nmoo,0.08604025840759277
334,1000,6,pymoo,0.008980274200439453
335,1000,6,nmoo,0.10230565071105957
336,1000,6,pymoo,0.008855104446411133
337,1000,6,nmoo,0.09681034088134766
338,1000,6,pymoo,0.009093999862670898
339,1000,6,nmoo,0.10492181777954102
340,1000,7,pymoo,0.00911712646484375
341,1000,7,nmoo,0.15313100814819336
342,1000,7,pymoo,0.009045124053955078
343,1000,7,nmoo,0.09366130828857422
344,1000,7,pymoo,0.008860349655151367
345,1000,7,nmoo,0.14690279960632324
346,1000,7,pymoo,0.009104490280151367
347,1000,7,nmoo,0.13671469688415527
348,1000,7,pymoo,0.008883476257324219
349,1000,7,nmoo,0.13112378120422363
350,1000,7,pymoo,0.008913040161132812
351,1000,7,nmoo,0.1485881805419922
352,1000,7,pymoo,0.009708642959594727
353,1000,7,nmoo,0.13521528244018555
354,1000,7,pymoo,0.008849382400512695
355,1000,7,nmoo,0.12385416030883789
356,1000,7,pymoo,0.008928537368774414
357,1000,7,nmoo,0.13157105445861816
358,1000,7,pymoo,0.008954286575317383
359,1000,7,nmoo,0.1985921859741211
360,5000,2,pymoo,0.18782877922058105
361,5000,2,nmoo,0.002868175506591797
362,5000,2,pymoo,0.16500258445739746
363,5000,2,nmoo,0.0028791427612304688
364,5000,2,pymoo,0.16331768035888672
365,5000,2,nmoo,0.0028502941131591797
366,5000,2,pymoo,0.17035794258117676
367,5000,2,nmoo,0.0029723644256591797
368,5000,2,pymoo,0.17952179908752441
369,5000,2,nmoo,0.0028738975524902344
370,5000,2,pymoo,0.16351723670959473
371,5000,2,nmoo,0.0028595924377441406
372,5000,2,pymoo,0.1647508144378662
373,5000,2,nmoo,0.002866029739379883
374,5000,2,pymoo,0.16203999519348145
375,5000,2,nmoo,0.0028705596923828125
376,5000,2,pymoo,0.1618804931640625
377,5000,2,nmoo,0.002875089645385742
378,5000,2,pymoo,0.16306138038635254
379,5000,2,nmoo,0.0028543472290039062
380,5000,3,pymoo,0.17195749282836914
381,5000,3,nmoo,0.05646538734436035
382,5000,3,pymoo,0.17342734336853027
383,5000,3,nmoo,0.023911714553833008
384,5000,3,pymoo,0.1804792881011963
385,5000,3,nmoo,0.0426325798034668
386,5000,3,pymoo,0.19291925430297852
387,5000,3,nmoo,0.031978607177734375
388,5000,3,pymoo,0.17388105392456055
389,5000,3,nmoo,0.037555694580078125
390,5000,3,pymoo,0.17260980606079102
391,5000,3,nmoo,0.043549537658691406
392,5000,3,pymoo,0.17328739166259766
393,5000,3,nmoo,0.036194801330566406
394,5000,3,pymoo,0.17227697372436523
395,5000,3,nmoo,0.039875030517578125
396,5000,3,pymoo,0.17370271682739258
397,5000,3,nmoo,0.04465651512145996
398,5000,3,pymoo,0.17444062232971191
399,5000,3,nmoo,0.03229260444641113
400,5000,4,pymoo,0.17824769020080566
401,5000,4,nmoo,0.11262822151184082
402,5000,4,pymoo,0.17745757102966309
403,5000,4,nmoo,0.11531710624694824
404,5000,4,pymoo,0.20322036743164062
405,5000,4,nmoo,0.07796049118041992
406,5000,4,pymoo,0.17843079566955566
407,5000,4,nmoo,0.12057256698608398
408,5000,4,pymoo,0.18027830123901367
409,5000,4,nmoo,0.11691999435424805
410,5000,4,pymoo,0.1771397590637207
411,5000,4,nmoo,0.09888458251953125
412,5000,4,pymoo,0.17921113967895508
413,5000,4,nmoo,0.1232147216796875
414,5000,4,pymoo,0.17979955673217773
415,5000,4,nmoo,0.1547534465789795
416,5000,4,pymoo,0.18074655532836914
417,5000,4,nmoo,0.1672039031982422
418,5000,4,pymoo,0.178084135055542
419,5000,4,nmoo,0.18821334838867188
420,5000,5,pymoo,0.18352746963500977
421,5000,5,nmoo,0.3502233028411865
422,5000,5,pymoo,0.2023317813873291
423,5000,5,nmoo,0.40059638023376465
424,5000,5,pymoo,0.18114805221557617
425,5000,5,nmoo,0.27225375175476074
426,5000,5,pymoo,0.18036103248596191
427,5000,5,nmoo,0.3397560119628906
428,5000,5,pymoo,0.17999005317687988
429,5000,5,nmoo,0.349351167678833
430,5000,5,pymoo,0.18145155906677246
431,5000,5,nmoo,0.32953453063964844
432,5000,5,pymoo,0.18085050582885742
433,5000,5,nmoo,0.3877103328704834
434,5000,5,pymoo,0.1805860996246338
435,5000,5,nmoo,0.3844761848449707
436,5000,5,pymoo,0.18799209594726562
437,5000,5,nmoo,0.3193325996398926
438,5000,5,pymoo,0.1984243392944336
439,5000,5,nmoo,0.38397860527038574
440,5000,6,pymoo,0.18126988410949707
441,5000,6,nmoo,0.7827558517456055
442,5000,6,pymoo,0.18067145347595215
443,5000,6,nmoo,0.42824649810791016
444,5000,6,pymoo,0.1806340217590332
445,5000,6,nmoo,0.81954026222229
446,5000,6,pymoo,0.18041086196899414
447,5000,6,nmoo,0.806776762008667
448,5000,6,pymoo,0.1818859577178955
449,5000,6,nmoo,0.7728135585784912
450,5000,6,pymoo,0.20180487632751465
451,5000,6,nmoo,0.8893382549285889
452,5000,6,pymoo,0.18328189849853516
453,5000,6,nmoo,0.6932468414306641
454,5000,6,pymoo,0.18264198303222656
455,5000,6,nmoo,0.9946103096008301
456,5000,6,pymoo,0.18120479583740234
457,5000,6,nmoo,0.906069278717041
458,5000,6,pymoo,0.18039417266845703
459,5000,6,nmoo,0.8319728374481201
460,5000,7,pymoo,0.1824359893798828
461,5000,7,nmoo,1.1661651134490967
462,5000,7,pymoo,0.20486807823181152
463,5000,7,nmoo,1.8168234825134277
464,5000,7,pymoo,0.1853644847869873
465,5000,7,nmoo,1.2717890739440918
466,5000,7,pymoo,0.1830289363861084
467,5000,7,nmoo,1.9787945747375488
468,5000,7,pymoo,0.18534541130065918
469,5000,7,nmoo,1.8368456363677979
470,5000,7,pymoo,0.18145465850830078
471,5000,7,nmoo,1.5802395343780518
472,5000,7,pymoo,0.20432305335998535
473,5000,7,nmoo,1.58445143699646
474,5000,7,pymoo,0.18482756614685059
475,5000,7,nmoo,1.5855610370635986
476,5000,7,pymoo,0.18450236320495605
477,5000,7,nmoo,1.5020794868469238
478,5000,7,pymoo,0.18171954154968262
479,5000,7,nmoo,1.349114179611206
480,10000,2,pymoo,0.7182266712188721
481,10000,2,nmoo,0.005719900131225586
482,10000,2,pymoo,0.6469449996948242
483,10000,2,nmoo,0.005748271942138672
484,10000,2,pymoo,0.6386399269104004
485,10000,2,nmoo,0.0057299137115478516
486,10000,2,pymoo,0.6431126594543457
487,10000,2,nmoo,0.005738019943237305
488,10000,2,pymoo,0.6412713527679443
489,10000,2,nmoo,0.005802154541015625
490,10000,2,pymoo,0.6399326324462891
491,10000,2,nmoo,0.00577545166015625
492,10000,2,pymoo,0.6451542377471924
493,10000,2,nmoo,0.0057561397552490234
494,10000,2,pymoo,0.6958880424499512
495,10000,2,nmoo,0.0057489871978759766
496,10000,2,pymoo,0.6390576362609863
497,10000,2,nmoo,0.005782127380371094
498,10000,2,pymoo,0.6383192539215088
499,10000,2,nmoo,0.005730867385864258
500,10000,3,pymoo,0.6669571399688721
501,10000,3,nmoo,0.1106569766998291
502,10000,3,pymoo,0.6812534332275391
503,10000,3,nmoo,0.0620882511138916
504,10000,3,pymoo,0.6829185485839844
505,10000,3,nmoo,0.08485078811645508
506,10000,3,pymoo,0.675736665725708
507,10000,3,nmoo,0.07649540901184082
508,10000,3,pymoo,0.6834516525268555
509,10000,3,nmoo,0.07792019844055176
510,10000,3,pymoo,0.6748671531677246
511,10000,3,nmoo,0.13176560401916504
512,10000,3,pymoo,0.6674709320068359
513,10000,3,nmoo,0.09518957138061523
514,10000,3,pymoo,0.672339677810669
515,10000,3,nmoo,0.09260010719299316
516,10000,3,pymoo,0.6824636459350586
517,10000,3,nmoo,0.04264354705810547
518,10000,3,pymoo,0.6727964878082275
519,10000,3,nmoo,0.1037294864654541
520,10000,4,pymoo,0.6881303787231445
521,10000,4,nmoo,0.4669482707977295
522,10000,4,pymoo,0.7288973331451416
523,10000,4,nmoo,0.41684579849243164
524,10000,4,pymoo,0.6919262409210205
525,10000,4,nmoo,0.25852227210998535
526,10000,4,pymoo,0.6896762847900391
527,10000,4,nmoo,0.17357158660888672
528,10000,4,pymoo,0.684391975402832
529,10000,4,nmoo,0.2627127170562744
530,10000,4,pymoo,0.6966850757598877
531,10000,4,nmoo,0.259732723236084
532,10000,4,pymoo,0.6882822513580322
533,10000,4,nmoo,0.29082345962524414
534,10000,4,pymoo,0.6835501194000244
535,10000,4,nmoo,0.19856595993041992
536,10000,4,pymoo,0.6862747669219971
537,10000,4,nmoo,0.27610087394714355
538,10000,4,pymoo,0.6890304088592529
539,10000,4,nmoo,0.40923070907592773
540,10000,5,pymoo,0.7111411094665527
541,10000,5,nmoo,0.8129847049713135
542,10000,5,pymoo,0.7034585475921631
543,10000,5,nmoo,0.6131899356842041
544,10000,5,pymoo,0.7014830112457275
545,10000,5,nmoo,0.9846978187561035
546,10000,5,pymoo,0.7114028930664062
547,10000,5,nmoo,0.8554637432098389
548,10000,5,pymoo,0.7478749752044678
549,10000,5,nmoo,0.7173984050750732
550,10000,5,pymoo,0.7003793716430664
551,10000,5,nmoo,0.6757147312164307
552,10000,5,pymoo,0.6967716217041016
553,10000,5,nmoo,0.76393723487854
554,10000,5,pymoo,0.7023930549621582
555,10000,5,nmoo,0.8418593406677246
556,10000,5,pymoo,0.6992073059082031
557,10000,5,nmoo,0.8910183906555176
558,10000,5,pymoo,0.7035074234008789
559,10000,5,nmoo,0.9432377815246582
560,10000,6,pymoo,0.7050204277038574
561,10000,6,nmoo,1.8647196292877197
562,10000,6,pymoo,0.7039604187011719
563,10000,6,nmoo,1.9737446308135986
564,10000,6,pymoo,0.7182064056396484
565,10000,6,nmoo,2.2784836292266846
566,10000,6,pymoo,0.7410757541656494
567,10000,6,nmoo,2.242992877960205
568,10000,6,pymoo,0.710176944732666
569,10000,6,nmoo,1.682220697402954
570,10000,6,pymoo,0.7111372947692871
571,10000,6,nmoo,1.6049425601959229
572,10000,6,pymoo,0.7106449604034424
573,10000,6,nmoo,1.9102227687835693
574,10000,6,pymoo,0.7051913738250732
575,10000,6,nmoo,1.6163156032562256
576,10000,6,pymoo,0.7072994709014893
577,10000,6,nmoo,1.9043853282928467
578,10000,6,pymoo,0.7112503051757812
579,10000,6,nmoo,1.7501709461212158
580,10000,7,pymoo,0.7118299007415771
581,10000,7,nmoo,4.597057819366455
582,10000,7,pymoo,0.7109127044677734
583,10000,7,nmoo,4.0863893032073975
584,10000,7,pymoo,0.7179222106933594
585,10000,7,nmoo,4.134246110916138
586,10000,7,pymoo,0.7558445930480957
587,10000,7,nmoo,4.397984504699707
588,10000,7,pymoo,0.7106082439422607
589,10000,7,nmoo,4.318218469619751
590,10000,7,pymoo,0.7139368057250977
591,10000,7,nmoo,3.1620261669158936
592,10000,7,pymoo,0.7036933898925781
593,10000,7,nmoo,4.6594719886779785
594,10000,7,pymoo,0.7481305599212646
595,10000,7,nmoo,3.6221115589141846
596,10000,7,pymoo,0.7154829502105713
597,10000,7,nmoo,4.073916673660278
598,10000,7,pymoo,0.7136943340301514
599,10000,7,nmoo,4.681899070739746
600,50000,2,pymoo,19.365052700042725
601,50000,2,nmoo,0.02913832664489746
602,50000,2,pymoo,17.070383310317993
603,50000,2,nmoo,0.029291868209838867
604,50000,2,pymoo,17.480406522750854
605,50000,2,nmoo,0.029230117797851562
606,50000,2,pymoo,17.736936569213867
607,50000,2,nmoo,0.029117345809936523
608,50000,2,pymoo,17.85558795928955
609,50000,2,nmoo,0.029290199279785156
610,50000,2,pymoo,17.34355401992798
611,50000,2,nmoo,0.02926802635192871
612,50000,2,pymoo,17.673343181610107
613,50000,2,nmoo,0.029171466827392578
614,50000,2,pymoo,17.738102674484253
615,50000,2,nmoo,0.029214859008789062
616,50000,2,pymoo,17.901214838027954
617,50000,2,nmoo,0.0292966365814209
618,50000,2,pymoo,17.248446702957153
619,50000,2,nmoo,0.0293123722076416
620,50000,3,pymoo,17.5679931640625
621,50000,3,nmoo,0.6827213764190674
622,50000,3,pymoo,17.50341558456421
623,50000,3,nmoo,0.5076990127563477
624,50000,3,pymoo,17.729565620422363
625,50000,3,nmoo,0.4793517589569092
626,50000,3,pymoo,17.273478984832764
627,50000,3,nmoo,0.5098328590393066
628,50000,3,pymoo,17.57714009284973
629,50000,3,nmoo,0.3829636573791504
630,50000,3,pymoo,17.658735036849976
631,50000,3,nmoo,0.4810771942138672
632,50000,3,pymoo,17.450631856918335
633,50000,3,nmoo,0.5169796943664551
634,50000,3,pymoo,17.558231353759766
635,50000,3,nmoo,0.5907392501831055
636,50000,3,pymoo,17.602526903152466
637,50000,3,nmoo,0.3757176399230957
638,50000,3,pymoo,17.60579538345337
639,50000,3,nmoo,0.5081515312194824
640,50000,4,pymoo,17.436317443847656
641,50000,4,nmoo,2.261991024017334
642,50000,4,pymoo,17.907331943511963
643,50000,4,nmoo,1.9810972213745117
644,50000,4,pymoo,17.732892274856567
645,50000,4,nmoo,1.5125010013580322
646,50000,4,pymoo,17.532432794570923
647,50000,4,nmoo,2.0459983348846436
648,50000,4,pymoo,17.733797311782837
649,50000,4,nmoo,1.905090093612671
650,50000,4,pymoo,17.772565841674805
651,50000,4,nmoo,1.7834680080413818
652,50000,4,pymoo,17.470588207244873
653,50000,4,nmoo,1.8165507316589355
654,50000,4,pymoo,17.747926950454712
655,50000,4,nmoo,2.4457345008850098
656,50000,4,pymoo,17.83357286453247
657,50000,4,nmoo,1.777531623840332
658,50000,4,pymoo,17.603121519088745
659,50000,4,nmoo,1.8144478797912598
660,50000,5,pymoo,17.907073974609375
661,50000,5,nmoo,3.7168383598327637
662,50000,5,pymoo,17.908692359924316
663,50000,5,nmoo,6.412860155105591
664,50000,5,pymoo,18.171022415161133
665,50000,5,nmoo,3.75296950340271
666,50000,5,pymoo,17.969624280929565
667,50000,5,nmoo,6.3174357414245605
668,50000,5,pymoo,17.91308832168579
669,50000,5,nmoo,5.103752851486206
670,50000,5,pymoo,18.15500545501709
671,50000,5,nmoo,7.3905980587005615
672,50000,5,pymoo,18.050789833068848
673,50000,5,nmoo,7.725265741348267
674,50000,5,pymoo,18.24551033973694
675,50000,5,nmoo,6.685283422470093
676,50000,5,pymoo,18.11099338531494
677,50000,5,nmoo,5.2414655685424805
678,50000,5,pymoo,17.790414333343506
679,50000,5,nmoo,5.51850152015686
680,50000,6,pymoo,18.025511741638184
681,50000,6,nmoo,16.556154012680054
682,50000,6,pymoo,18.32870316505432
683,50000,6,nmoo,15.810543775558472
684,50000,6,pymoo,18.42081332206726
685,50000,6,nmoo,15.217081546783447
686,50000,6,pymoo,18.37363028526306
687,50000,6,nmoo,13.676171064376831
688,50000,6,pymoo,18.35049867630005
689,50000,6,nmoo,14.884024381637573
690,50000,6,pymoo,18.341652870178223
691,50000,6,nmoo,12.073238611221313
692,50000,6,pymoo,18.225501775741577
693,50000,6,nmoo,15.282776355743408
694,50000,6,pymoo,18.42382049560547
695,50000,6,nmoo,14.33978271484375
696,50000,6,pymoo,18.347408294677734
697,50000,6,nmoo,12.611471176147461
698,50000,6,pymoo,18.317687511444092
699,50000,6,nmoo,13.806686162948608
700,50000,7,pymoo,18.369961738586426
701,50000,7,nmoo,35.44861149787903
702,50000,7,pymoo,19.19682812690735
703,50000,7,nmoo,36.735233306884766
704,50000,7,pymoo,19.200245141983032
705,50000,7,nmoo,25.364367961883545
706,50000,7,pymoo,18.77816367149353
707,50000,7,nmoo,31.88229203224182
708,50000,7,pymoo,19.12488055229187
709,50000,7,nmoo,34.28230881690979
710,50000,7,pymoo,19.05859351158142
711,50000,7,nmoo,35.37937593460083
712,50000,7,pymoo,19.21821880340576
713,50000,7,nmoo,32.018187046051025
714,50000,7,pymoo,19.01341938972473
715,50000,7,nmoo,40.16502285003662
716,50000,7,pymoo,19.374646186828613
717,50000,7,nmoo,34.535534143447876
718,50000,7,pymoo,19.281445503234863
719,50000,7,nmoo,34.72690939903259
720,100000,2,pymoo,79.52355170249939
721,100000,2,nmoo,0.05889010429382324
722,100000,2,pymoo,73.42012906074524
723,100000,2,nmoo,0.05957746505737305
724,100000,2,pymoo,74.28039073944092
725,100000,2,nmoo,0.05928778648376465
726,100000,2,pymoo,72.30586385726929
727,100000,2,nmoo,0.059429168701171875
728,100000,2,pymoo,80.3575177192688
729,100000,2,nmoo,0.05906224250793457
730,100000,2,pymoo,80.48456907272339
731,100000,2,nmoo,0.059963226318359375
732,100000,2,pymoo,80.74940943717957
733,100000,2,nmoo,0.05936932563781738
734,100000,2,pymoo,80.43903160095215
735,100000,2,nmoo,0.059625864028930664
736,100000,2,pymoo,80.4773600101471
737,100000,2,nmoo,0.05910539627075195
738,100000,2,pymoo,80.94942045211792
739,100000,2,nmoo,0.059757232666015625
740,100000,3,pymoo,77.60349702835083
741,100000,3,nmoo,1.0655035972595215
742,100000,3,pymoo,78.20381593704224
743,100000,3,nmoo,1.0952873229980469
744,100000,3,pymoo,76.83488416671753
745,100000,3,nmoo,1.1012153625488281
746,100000,3,pymoo,77.53142809867859
747,100000,3,nmoo,1.2212140560150146
748,100000,3,pymoo,76.95243263244629
749,100000,3,nmoo,1.4578728675842285
750,100000,3,pymoo,77.36870551109314
751,100000,3,nmoo,1.2672641277313232
752,100000,3,pymoo,77.33335971832275
753,100000,3,nmoo,0.8741352558135986
754,100000,3,pymoo,77.53527545928955
755,100000,3,nmoo,1.0678410530090332
756,100000,3,pymoo,76.9804036617279
757,100000,3,nmoo,1.3825089931488037
758,100000,3,pymoo,77.30168175697327
759,100000,3,nmoo,1.1681842803955078
760,100000,4,pymoo,77.05000042915344
761,100000,4,nmoo,4.230085611343384
762,100000,4,pymoo,77.05915474891663
763,100000,4,nmoo,3.8719143867492676
764,100000,4,pymoo,76.88821053504944
765,100000,4,nmoo,3.5908432006835938
766,100000,4,pymoo,77.2044837474823
767,100000,4,nmoo,3.3405494689941406
768,100000,4,pymoo,77.22279524803162
769,100000,4,nmoo,3.5963025093078613
770,100000,4,pymoo,77.31146430969238
771,100000,4,nmoo,4.284814119338989
772,100000,4,pymoo,76.70746183395386
773,100000,4,nmoo,4.262402534484863
774,100000,4,pymoo,77.0043625831604
775,100000,4,nmoo,4.891510248184204
776,100000,4,pymoo,77.20947527885437
777,100000,4,nmoo,3.474938154220581
778,100000,4,pymoo,77.15054631233215
779,100000,4,nmoo,3.3925509452819824
780,100000,5,pymoo,77.5934009552002
781,100000,5,nmoo,11.841942548751831
782,100000,5,pymoo,77.49768686294556
783,100000,5,nmoo,13.544693946838379
784,100000,5,pymoo,77.13726425170898
785,100000,5,nmoo,14.001039266586304
786,100000,5,pymoo,77.51857542991638
787,100000,5,nmoo,9.493488788604736
788,100000,5,pymoo,77.42066740989685
789,100000,5,nmoo,14.164892435073853
790,100000,5,pymoo,77.53480052947998
791,100000,5,nmoo,11.129555463790894
792,100000,5,pymoo,77.48734545707703
793,100000,5,nmoo,13.497358560562134
794,100000,5,pymoo,77.36143922805786
795,100000,5,nmoo,13.71124005317688
796,100000,5,pymoo,77.85618305206299
797,100000,5,nmoo,14.613138675689697
798,100000,5,pymoo,77.41229844093323
799,100000,5,nmoo,11.472603559494019
800,100000,6,pymoo,77.39019227027893
801,100000,6,nmoo,35.961732387542725
802,100000,6,pymoo,77.06332731246948
803,100000,6,nmoo,29.630756616592407
804,100000,6,pymoo,77.76468324661255
805,100000,6,nmoo,34.61773347854614
806,100000,6,pymoo,77.48006224632263
807,100000,6,nmoo,37.27293276786804
808,100000,6,pymoo,77.4533953666687
809,100000,6,nmoo,37.929267168045044
810,100000,6,pymoo,77.22210788726807
811,100000,6,nmoo,41.27878928184509
812,100000,6,pymoo,77.72853994369507
813,100000,6,nmoo,31.382932424545288
814,100000,6,pymoo,77.7008306980133
815,100000,6,nmoo,39.514392375946045
816,100000,6,pymoo,77.36531448364258
817,100000,6,nmoo,30.40626072883606
818,100000,6,pymoo,77.28756880760193
819,100000,6,nmoo,36.55492568016052
820,100000,7,pymoo,77.78876423835754
821,100000,7,nmoo,103.71160840988159
822,100000,7,pymoo,78.03426623344421
823,100000,7,nmoo,102.8300998210907
824,100000,7,pymoo,77.77353620529175
825,100000,7,nmoo,89.48096799850464
826,100000,7,pymoo,77.53838300704956
827,100000,7,nmoo,83.97769498825073
828,100000,7,pymoo,77.22994065284729
829,100000,7,nmoo,85.83124995231628
830,100000,7,pymoo,78.26061582565308
831,100000,7,nmoo,89.79348468780518
832,100000,7,pymoo,77.55074524879456
833,100000,7,nmoo,100.46612095832825
834,100000,7,pymoo,77.29199457168579
835,100000,7,nmoo,73.12398529052734
836,100000,7,pymoo,77.52717208862305
837,100000,7,nmoo,91.94946002960205
838,100000,7,pymoo,77.29713368415833
839,100000,7,nmoo,94.11226058006287
